user_id,cluster,cluster_name
8,1,活动互动/沉睡/回流/高活跃
92,0,活动互动
106,1,活动互动/沉睡/回流/高活跃
109,1,活动互动/沉睡/回流/高活跃
112,1,活动互动/沉睡/回流/高活跃
113,1,活动互动/沉睡/回流/高活跃
114,1,活动互动/沉睡/回流/高活跃
115,0,活动互动
116,0,活动互动
117,1,活动互动/沉睡/回流/高活跃
118,1,活动互动/沉睡/回流/高活跃
119,0,活动互动
131,0,活动互动
150,0,活动互动
151,1,活动互动/沉睡/回流/高活跃
152,0,活动互动
153,1,活动互动/沉睡/回流/高活跃
154,1,活动互动/沉睡/回流/高活跃
156,1,活动互动/沉睡/回流/高活跃
159,1,活动互动/沉睡/回流/高活跃
161,1,活动互动/沉睡/回流/高活跃
169,1,活动互动/沉睡/回流/高活跃
178,1,活动互动/沉睡/回流/高活跃
187,1,活动互动/沉睡/回流/高活跃
188,0,活动互动
193,1,活动互动/沉睡/回流/高活跃
200,1,活动互动/沉睡/回流/高活跃
203,1,活动互动/沉睡/回流/高活跃
204,1,活动互动/沉睡/回流/高活跃
205,1,活动互动/沉睡/回流/高活跃
206,1,活动互动/沉睡/回流/高活跃
207,1,活动互动/沉睡/回流/高活跃
208,1,活动互动/沉睡/回流/高活跃
209,0,活动互动
210,1,活动互动/沉睡/回流/高活跃
211,1,活动互动/沉睡/回流/高活跃
212,1,活动互动/沉睡/回流/高活跃
213,0,活动互动
214,1,活动互动/沉睡/回流/高活跃
216,1,活动互动/沉睡/回流/高活跃
217,1,活动互动/沉睡/回流/高活跃
218,0,活动互动
219,0,活动互动
220,0,活动互动
221,0,活动互动
222,1,活动互动/沉睡/回流/高活跃
223,1,活动互动/沉睡/回流/高活跃
224,1,活动互动/沉睡/回流/高活跃
225,0,活动互动
226,1,活动互动/沉睡/回流/高活跃
227,1,活动互动/沉睡/回流/高活跃
228,1,活动互动/沉睡/回流/高活跃
229,1,活动互动/沉睡/回流/高活跃
230,1,活动互动/沉睡/回流/高活跃
231,0,活动互动
232,0,活动互动
233,1,活动互动/沉睡/回流/高活跃
234,1,活动互动/沉睡/回流/高活跃
235,1,活动互动/沉睡/回流/高活跃
236,1,活动互动/沉睡/回流/高活跃
237,1,活动互动/沉睡/回流/高活跃
238,0,活动互动
239,1,活动互动/沉睡/回流/高活跃
240,1,活动互动/沉睡/回流/高活跃
241,1,活动互动/沉睡/回流/高活跃
242,1,活动互动/沉睡/回流/高活跃
243,1,活动互动/沉睡/回流/高活跃
244,1,活动互动/沉睡/回流/高活跃
245,0,活动互动
246,1,活动互动/沉睡/回流/高活跃
247,1,活动互动/沉睡/回流/高活跃
248,1,活动互动/沉睡/回流/高活跃
249,1,活动互动/沉睡/回流/高活跃
250,0,活动互动
251,1,活动互动/沉睡/回流/高活跃
252,1,活动互动/沉睡/回流/高活跃
253,0,活动互动
254,1,活动互动/沉睡/回流/高活跃
255,1,活动互动/沉睡/回流/高活跃
256,1,活动互动/沉睡/回流/高活跃
257,0,活动互动
258,0,活动互动
259,1,活动互动/沉睡/回流/高活跃
260,1,活动互动/沉睡/回流/高活跃
261,1,活动互动/沉睡/回流/高活跃
262,1,活动互动/沉睡/回流/高活跃
263,1,活动互动/沉睡/回流/高活跃
264,0,活动互动
265,0,活动互动
266,1,活动互动/沉睡/回流/高活跃
267,0,活动互动
268,1,活动互动/沉睡/回流/高活跃
269,0,活动互动
270,0,活动互动
271,1,活动互动/沉睡/回流/高活跃
272,1,活动互动/沉睡/回流/高活跃
273,1,活动互动/沉睡/回流/高活跃
274,1,活动互动/沉睡/回流/高活跃
276,1,活动互动/沉睡/回流/高活跃
277,1,活动互动/沉睡/回流/高活跃
278,0,活动互动
279,0,活动互动
280,0,活动互动
281,1,活动互动/沉睡/回流/高活跃
282,0,活动互动
283,0,活动互动
284,1,活动互动/沉睡/回流/高活跃
285,1,活动互动/沉睡/回流/高活跃
286,1,活动互动/沉睡/回流/高活跃
287,1,活动互动/沉睡/回流/高活跃
288,1,活动互动/沉睡/回流/高活跃
289,0,活动互动
290,1,活动互动/沉睡/回流/高活跃
291,1,活动互动/沉睡/回流/高活跃
292,0,活动互动
293,1,活动互动/沉睡/回流/高活跃
294,1,活动互动/沉睡/回流/高活跃
295,1,活动互动/沉睡/回流/高活跃
296,1,活动互动/沉睡/回流/高活跃
297,1,活动互动/沉睡/回流/高活跃
298,0,活动互动
299,0,活动互动
300,1,活动互动/沉睡/回流/高活跃
301,1,活动互动/沉睡/回流/高活跃
302,0,活动互动
303,1,活动互动/沉睡/回流/高活跃
304,0,活动互动
308,1,活动互动/沉睡/回流/高活跃
309,1,活动互动/沉睡/回流/高活跃
311,1,活动互动/沉睡/回流/高活跃
312,1,活动互动/沉睡/回流/高活跃
313,1,活动互动/沉睡/回流/高活跃
314,1,活动互动/沉睡/回流/高活跃
315,1,活动互动/沉睡/回流/高活跃
316,0,活动互动
317,1,活动互动/沉睡/回流/高活跃
318,0,活动互动
319,1,活动互动/沉睡/回流/高活跃
320,1,活动互动/沉睡/回流/高活跃
321,0,活动互动
322,1,活动互动/沉睡/回流/高活跃
323,1,活动互动/沉睡/回流/高活跃
324,1,活动互动/沉睡/回流/高活跃
325,1,活动互动/沉睡/回流/高活跃
326,1,活动互动/沉睡/回流/高活跃
327,0,活动互动
328,0,活动互动
329,1,活动互动/沉睡/回流/高活跃
330,0,活动互动
331,0,活动互动
332,1,活动互动/沉睡/回流/高活跃
333,1,活动互动/沉睡/回流/高活跃
334,0,活动互动
335,0,活动互动
336,1,活动互动/沉睡/回流/高活跃
337,0,活动互动
338,0,活动互动
339,0,活动互动
340,1,活动互动/沉睡/回流/高活跃
341,0,活动互动
342,0,活动互动
343,0,活动互动
344,0,活动互动
345,1,活动互动/沉睡/回流/高活跃
346,0,活动互动
347,0,活动互动
348,0,活动互动
349,0,活动互动
350,0,活动互动
351,0,活动互动
352,0,活动互动
353,0,活动互动
354,0,活动互动
355,0,活动互动
356,0,活动互动
357,0,活动互动
358,0,活动互动
359,0,活动互动
360,0,活动互动
361,1,活动互动/沉睡/回流/高活跃
362,0,活动互动
363,0,活动互动
364,0,活动互动
365,0,活动互动
366,1,活动互动/沉睡/回流/高活跃
367,0,活动互动
368,0,活动互动
369,1,活动互动/沉睡/回流/高活跃
370,1,活动互动/沉睡/回流/高活跃
371,0,活动互动
372,0,活动互动
373,0,活动互动
374,0,活动互动
375,0,活动互动
376,0,活动互动
377,0,活动互动
378,1,活动互动/沉睡/回流/高活跃
379,0,活动互动
380,0,活动互动
381,0,活动互动
382,0,活动互动
383,0,活动互动
384,0,活动互动
385,1,活动互动/沉睡/回流/高活跃
386,0,活动互动
387,0,活动互动
388,1,活动互动/沉睡/回流/高活跃
389,1,活动互动/沉睡/回流/高活跃
390,0,活动互动
391,0,活动互动
392,0,活动互动
393,0,活动互动
395,0,活动互动
396,0,活动互动
397,0,活动互动
398,0,活动互动
399,0,活动互动
400,0,活动互动
401,0,活动互动
402,0,活动互动
403,0,活动互动
404,0,活动互动
405,0,活动互动
406,0,活动互动
407,1,活动互动/沉睡/回流/高活跃
409,0,活动互动
410,0,活动互动
411,0,活动互动
412,0,活动互动
413,1,活动互动/沉睡/回流/高活跃
414,1,活动互动/沉睡/回流/高活跃
415,0,活动互动
416,0,活动互动
417,1,活动互动/沉睡/回流/高活跃
418,1,活动互动/沉睡/回流/高活跃
419,0,活动互动
420,0,活动互动
421,1,活动互动/沉睡/回流/高活跃
422,0,活动互动
423,0,活动互动
424,0,活动互动
425,1,活动互动/沉睡/回流/高活跃
426,1,活动互动/沉睡/回流/高活跃
427,0,活动互动
428,0,活动互动
429,0,活动互动
430,0,活动互动
431,0,活动互动
432,1,活动互动/沉睡/回流/高活跃
433,0,活动互动
434,1,活动互动/沉睡/回流/高活跃
435,0,活动互动
436,1,活动互动/沉睡/回流/高活跃
437,0,活动互动
438,0,活动互动
439,1,活动互动/沉睡/回流/高活跃
440,1,活动互动/沉睡/回流/高活跃
441,1,活动互动/沉睡/回流/高活跃
442,1,活动互动/沉睡/回流/高活跃
443,1,活动互动/沉睡/回流/高活跃
444,0,活动互动
445,1,活动互动/沉睡/回流/高活跃
446,0,活动互动
447,1,活动互动/沉睡/回流/高活跃
448,1,活动互动/沉睡/回流/高活跃
449,1,活动互动/沉睡/回流/高活跃
450,1,活动互动/沉睡/回流/高活跃
451,0,活动互动
452,1,活动互动/沉睡/回流/高活跃
453,1,活动互动/沉睡/回流/高活跃
454,0,活动互动
455,1,活动互动/沉睡/回流/高活跃
456,0,活动互动
457,1,活动互动/沉睡/回流/高活跃
458,1,活动互动/沉睡/回流/高活跃
459,1,活动互动/沉睡/回流/高活跃
460,0,活动互动
461,1,活动互动/沉睡/回流/高活跃
462,1,活动互动/沉睡/回流/高活跃
463,0,活动互动
464,0,活动互动
465,1,活动互动/沉睡/回流/高活跃
466,1,活动互动/沉睡/回流/高活跃
467,1,活动互动/沉睡/回流/高活跃
468,1,活动互动/沉睡/回流/高活跃
469,1,活动互动/沉睡/回流/高活跃
470,0,活动互动
471,1,活动互动/沉睡/回流/高活跃
472,0,活动互动
473,1,活动互动/沉睡/回流/高活跃
474,1,活动互动/沉睡/回流/高活跃
475,0,活动互动
476,1,活动互动/沉睡/回流/高活跃
477,1,活动互动/沉睡/回流/高活跃
478,0,活动互动
479,1,活动互动/沉睡/回流/高活跃
480,1,活动互动/沉睡/回流/高活跃
481,0,活动互动
482,0,活动互动
483,1,活动互动/沉睡/回流/高活跃
484,1,活动互动/沉睡/回流/高活跃
485,0,活动互动
486,0,活动互动
487,1,活动互动/沉睡/回流/高活跃
488,1,活动互动/沉睡/回流/高活跃
489,1,活动互动/沉睡/回流/高活跃
490,1,活动互动/沉睡/回流/高活跃
491,0,活动互动
492,1,活动互动/沉睡/回流/高活跃
493,0,活动互动
494,0,活动互动
495,1,活动互动/沉睡/回流/高活跃
496,0,活动互动
497,0,活动互动
498,0,活动互动
499,0,活动互动
500,1,活动互动/沉睡/回流/高活跃
501,0,活动互动
502,0,活动互动
503,0,活动互动
504,1,活动互动/沉睡/回流/高活跃
505,1,活动互动/沉睡/回流/高活跃
506,0,活动互动
507,1,活动互动/沉睡/回流/高活跃
508,1,活动互动/沉睡/回流/高活跃
509,1,活动互动/沉睡/回流/高活跃
510,0,活动互动
511,0,活动互动
512,0,活动互动
513,1,活动互动/沉睡/回流/高活跃
514,0,活动互动
515,1,活动互动/沉睡/回流/高活跃
516,0,活动互动
517,0,活动互动
518,1,活动互动/沉睡/回流/高活跃
519,1,活动互动/沉睡/回流/高活跃
520,0,活动互动
521,1,活动互动/沉睡/回流/高活跃
522,0,活动互动
523,1,活动互动/沉睡/回流/高活跃
524,0,活动互动
525,0,活动互动
526,0,活动互动
527,0,活动互动
528,0,活动互动
529,0,活动互动
530,1,活动互动/沉睡/回流/高活跃
531,0,活动互动
532,1,活动互动/沉睡/回流/高活跃
533,0,活动互动
534,0,活动互动
535,1,活动互动/沉睡/回流/高活跃
536,1,活动互动/沉睡/回流/高活跃
537,1,活动互动/沉睡/回流/高活跃
538,1,活动互动/沉睡/回流/高活跃
539,1,活动互动/沉睡/回流/高活跃
540,1,活动互动/沉睡/回流/高活跃
541,1,活动互动/沉睡/回流/高活跃
542,1,活动互动/沉睡/回流/高活跃
543,1,活动互动/沉睡/回流/高活跃
544,1,活动互动/沉睡/回流/高活跃
545,1,活动互动/沉睡/回流/高活跃
546,1,活动互动/沉睡/回流/高活跃
547,1,活动互动/沉睡/回流/高活跃
548,1,活动互动/沉睡/回流/高活跃
549,1,活动互动/沉睡/回流/高活跃
550,1,活动互动/沉睡/回流/高活跃
551,0,活动互动
552,1,活动互动/沉睡/回流/高活跃
553,0,活动互动
554,1,活动互动/沉睡/回流/高活跃
555,1,活动互动/沉睡/回流/高活跃
556,1,活动互动/沉睡/回流/高活跃
557,0,活动互动
558,0,活动互动
559,1,活动互动/沉睡/回流/高活跃
560,0,活动互动
561,1,活动互动/沉睡/回流/高活跃
562,1,活动互动/沉睡/回流/高活跃
563,0,活动互动
564,1,活动互动/沉睡/回流/高活跃
565,1,活动互动/沉睡/回流/高活跃
566,0,活动互动
567,0,活动互动
568,0,活动互动
569,0,活动互动
570,0,活动互动
571,1,活动互动/沉睡/回流/高活跃
572,1,活动互动/沉睡/回流/高活跃
573,1,活动互动/沉睡/回流/高活跃
574,0,活动互动
575,1,活动互动/沉睡/回流/高活跃
576,1,活动互动/沉睡/回流/高活跃
577,1,活动互动/沉睡/回流/高活跃
578,0,活动互动
579,0,活动互动
580,0,活动互动
581,1,活动互动/沉睡/回流/高活跃
582,0,活动互动
583,0,活动互动
584,1,活动互动/沉睡/回流/高活跃
585,1,活动互动/沉睡/回流/高活跃
586,1,活动互动/沉睡/回流/高活跃
587,1,活动互动/沉睡/回流/高活跃
588,0,活动互动
589,0,活动互动
590,0,活动互动
591,0,活动互动
592,0,活动互动
593,1,活动互动/沉睡/回流/高活跃
594,1,活动互动/沉睡/回流/高活跃
595,0,活动互动
596,0,活动互动
597,0,活动互动
598,0,活动互动
599,1,活动互动/沉睡/回流/高活跃
600,0,活动互动
601,0,活动互动
602,1,活动互动/沉睡/回流/高活跃
603,1,活动互动/沉睡/回流/高活跃
604,1,活动互动/沉睡/回流/高活跃
605,1,活动互动/沉睡/回流/高活跃
606,0,活动互动
607,1,活动互动/沉睡/回流/高活跃
608,0,活动互动
609,1,活动互动/沉睡/回流/高活跃
610,1,活动互动/沉睡/回流/高活跃
611,0,活动互动
612,1,活动互动/沉睡/回流/高活跃
613,0,活动互动
614,0,活动互动
615,1,活动互动/沉睡/回流/高活跃
616,1,活动互动/沉睡/回流/高活跃
617,0,活动互动
618,0,活动互动
619,1,活动互动/沉睡/回流/高活跃
620,1,活动互动/沉睡/回流/高活跃
621,0,活动互动
622,1,活动互动/沉睡/回流/高活跃
623,1,活动互动/沉睡/回流/高活跃
624,1,活动互动/沉睡/回流/高活跃
625,1,活动互动/沉睡/回流/高活跃
626,0,活动互动
627,1,活动互动/沉睡/回流/高活跃
628,1,活动互动/沉睡/回流/高活跃
629,1,活动互动/沉睡/回流/高活跃
630,1,活动互动/沉睡/回流/高活跃
631,1,活动互动/沉睡/回流/高活跃
632,1,活动互动/沉睡/回流/高活跃
633,1,活动互动/沉睡/回流/高活跃
634,0,活动互动
635,1,活动互动/沉睡/回流/高活跃
636,1,活动互动/沉睡/回流/高活跃
637,1,活动互动/沉睡/回流/高活跃
638,0,活动互动
639,0,活动互动
640,0,活动互动
641,1,活动互动/沉睡/回流/高活跃
642,1,活动互动/沉睡/回流/高活跃
643,1,活动互动/沉睡/回流/高活跃
644,0,活动互动
645,1,活动互动/沉睡/回流/高活跃
646,1,活动互动/沉睡/回流/高活跃
647,0,活动互动
648,0,活动互动
649,0,活动互动
650,1,活动互动/沉睡/回流/高活跃
651,0,活动互动
652,1,活动互动/沉睡/回流/高活跃
653,0,活动互动
654,1,活动互动/沉睡/回流/高活跃
655,1,活动互动/沉睡/回流/高活跃
656,0,活动互动
657,1,活动互动/沉睡/回流/高活跃
658,1,活动互动/沉睡/回流/高活跃
659,1,活动互动/沉睡/回流/高活跃
660,0,活动互动
661,1,活动互动/沉睡/回流/高活跃
662,1,活动互动/沉睡/回流/高活跃
663,1,活动互动/沉睡/回流/高活跃
664,1,活动互动/沉睡/回流/高活跃
665,0,活动互动
666,1,活动互动/沉睡/回流/高活跃
667,0,活动互动
668,1,活动互动/沉睡/回流/高活跃
669,1,活动互动/沉睡/回流/高活跃
670,1,活动互动/沉睡/回流/高活跃
671,0,活动互动
672,0,活动互动
673,0,活动互动
674,1,活动互动/沉睡/回流/高活跃
675,1,活动互动/沉睡/回流/高活跃
676,1,活动互动/沉睡/回流/高活跃
677,1,活动互动/沉睡/回流/高活跃
678,1,活动互动/沉睡/回流/高活跃
679,1,活动互动/沉睡/回流/高活跃
680,0,活动互动
681,1,活动互动/沉睡/回流/高活跃
682,0,活动互动
683,1,活动互动/沉睡/回流/高活跃
684,1,活动互动/沉睡/回流/高活跃
685,1,活动互动/沉睡/回流/高活跃
686,0,活动互动
687,1,活动互动/沉睡/回流/高活跃
688,0,活动互动
689,0,活动互动
690,1,活动互动/沉睡/回流/高活跃
691,1,活动互动/沉睡/回流/高活跃
692,1,活动互动/沉睡/回流/高活跃
693,0,活动互动
694,0,活动互动
695,0,活动互动
696,1,活动互动/沉睡/回流/高活跃
697,1,活动互动/沉睡/回流/高活跃
698,0,活动互动
699,0,活动互动
700,1,活动互动/沉睡/回流/高活跃
701,0,活动互动
702,0,活动互动
703,0,活动互动
704,1,活动互动/沉睡/回流/高活跃
705,1,活动互动/沉睡/回流/高活跃
706,0,活动互动
707,1,活动互动/沉睡/回流/高活跃
708,0,活动互动
709,0,活动互动
710,1,活动互动/沉睡/回流/高活跃
711,1,活动互动/沉睡/回流/高活跃
712,0,活动互动
713,1,活动互动/沉睡/回流/高活跃
714,0,活动互动
715,1,活动互动/沉睡/回流/高活跃
716,1,活动互动/沉睡/回流/高活跃
717,1,活动互动/沉睡/回流/高活跃
718,1,活动互动/沉睡/回流/高活跃
719,0,活动互动
720,0,活动互动
721,1,活动互动/沉睡/回流/高活跃
722,1,活动互动/沉睡/回流/高活跃
723,1,活动互动/沉睡/回流/高活跃
724,0,活动互动
725,1,活动互动/沉睡/回流/高活跃
726,1,活动互动/沉睡/回流/高活跃
727,1,活动互动/沉睡/回流/高活跃
728,1,活动互动/沉睡/回流/高活跃
729,1,活动互动/沉睡/回流/高活跃
730,0,活动互动
731,1,活动互动/沉睡/回流/高活跃
732,1,活动互动/沉睡/回流/高活跃
733,1,活动互动/沉睡/回流/高活跃
734,1,活动互动/沉睡/回流/高活跃
735,1,活动互动/沉睡/回流/高活跃
736,1,活动互动/沉睡/回流/高活跃
737,1,活动互动/沉睡/回流/高活跃
738,0,活动互动
739,1,活动互动/沉睡/回流/高活跃
740,1,活动互动/沉睡/回流/高活跃
741,1,活动互动/沉睡/回流/高活跃
742,0,活动互动
743,1,活动互动/沉睡/回流/高活跃
744,0,活动互动
745,0,活动互动
746,1,活动互动/沉睡/回流/高活跃
747,1,活动互动/沉睡/回流/高活跃
748,1,活动互动/沉睡/回流/高活跃
749,0,活动互动
750,1,活动互动/沉睡/回流/高活跃
751,1,活动互动/沉睡/回流/高活跃
752,1,活动互动/沉睡/回流/高活跃
753,1,活动互动/沉睡/回流/高活跃
754,1,活动互动/沉睡/回流/高活跃
755,1,活动互动/沉睡/回流/高活跃
756,0,活动互动
757,0,活动互动
758,0,活动互动
759,0,活动互动
760,1,活动互动/沉睡/回流/高活跃
761,1,活动互动/沉睡/回流/高活跃
762,1,活动互动/沉睡/回流/高活跃
763,0,活动互动
764,1,活动互动/沉睡/回流/高活跃
765,0,活动互动
766,0,活动互动
767,0,活动互动
768,1,活动互动/沉睡/回流/高活跃
769,1,活动互动/沉睡/回流/高活跃
770,1,活动互动/沉睡/回流/高活跃
771,0,活动互动
772,0,活动互动
773,1,活动互动/沉睡/回流/高活跃
774,0,活动互动
775,1,活动互动/沉睡/回流/高活跃
776,0,活动互动
777,1,活动互动/沉睡/回流/高活跃
778,1,活动互动/沉睡/回流/高活跃
779,1,活动互动/沉睡/回流/高活跃
780,1,活动互动/沉睡/回流/高活跃
781,0,活动互动
782,1,活动互动/沉睡/回流/高活跃
783,0,活动互动
784,0,活动互动
785,1,活动互动/沉睡/回流/高活跃
786,0,活动互动
787,0,活动互动
788,0,活动互动
789,0,活动互动
790,1,活动互动/沉睡/回流/高活跃
791,1,活动互动/沉睡/回流/高活跃
792,1,活动互动/沉睡/回流/高活跃
793,1,活动互动/沉睡/回流/高活跃
794,0,活动互动
795,0,活动互动
796,1,活动互动/沉睡/回流/高活跃
797,0,活动互动
798,1,活动互动/沉睡/回流/高活跃
799,1,活动互动/沉睡/回流/高活跃
800,1,活动互动/沉睡/回流/高活跃
801,1,活动互动/沉睡/回流/高活跃
802,1,活动互动/沉睡/回流/高活跃
803,1,活动互动/沉睡/回流/高活跃
804,1,活动互动/沉睡/回流/高活跃
805,1,活动互动/沉睡/回流/高活跃
806,1,活动互动/沉睡/回流/高活跃
807,1,活动互动/沉睡/回流/高活跃
808,1,活动互动/沉睡/回流/高活跃
809,0,活动互动
810,1,活动互动/沉睡/回流/高活跃
811,1,活动互动/沉睡/回流/高活跃
812,1,活动互动/沉睡/回流/高活跃
813,1,活动互动/沉睡/回流/高活跃
814,1,活动互动/沉睡/回流/高活跃
815,1,活动互动/沉睡/回流/高活跃
816,1,活动互动/沉睡/回流/高活跃
817,1,活动互动/沉睡/回流/高活跃
818,0,活动互动
819,0,活动互动
820,0,活动互动
821,0,活动互动
822,0,活动互动
823,1,活动互动/沉睡/回流/高活跃
824,1,活动互动/沉睡/回流/高活跃
825,0,活动互动
826,0,活动互动
827,1,活动互动/沉睡/回流/高活跃
828,0,活动互动
829,1,活动互动/沉睡/回流/高活跃
830,0,活动互动
831,1,活动互动/沉睡/回流/高活跃
832,1,活动互动/沉睡/回流/高活跃
833,1,活动互动/沉睡/回流/高活跃
834,1,活动互动/沉睡/回流/高活跃
835,1,活动互动/沉睡/回流/高活跃
836,1,活动互动/沉睡/回流/高活跃
837,0,活动互动
838,1,活动互动/沉睡/回流/高活跃
839,1,活动互动/沉睡/回流/高活跃
840,1,活动互动/沉睡/回流/高活跃
841,1,活动互动/沉睡/回流/高活跃
842,0,活动互动
843,1,活动互动/沉睡/回流/高活跃
844,0,活动互动
845,0,活动互动
846,1,活动互动/沉睡/回流/高活跃
847,0,活动互动
848,1,活动互动/沉睡/回流/高活跃
849,0,活动互动
850,1,活动互动/沉睡/回流/高活跃
851,0,活动互动
852,1,活动互动/沉睡/回流/高活跃
853,1,活动互动/沉睡/回流/高活跃
854,0,活动互动
855,0,活动互动
856,1,活动互动/沉睡/回流/高活跃
857,1,活动互动/沉睡/回流/高活跃
858,1,活动互动/沉睡/回流/高活跃
859,1,活动互动/沉睡/回流/高活跃
860,0,活动互动
861,1,活动互动/沉睡/回流/高活跃
862,1,活动互动/沉睡/回流/高活跃
863,1,活动互动/沉睡/回流/高活跃
864,1,活动互动/沉睡/回流/高活跃
865,0,活动互动
866,1,活动互动/沉睡/回流/高活跃
867,1,活动互动/沉睡/回流/高活跃
868,0,活动互动
869,1,活动互动/沉睡/回流/高活跃
870,1,活动互动/沉睡/回流/高活跃
871,1,活动互动/沉睡/回流/高活跃
872,1,活动互动/沉睡/回流/高活跃
873,1,活动互动/沉睡/回流/高活跃
874,1,活动互动/沉睡/回流/高活跃
875,1,活动互动/沉睡/回流/高活跃
876,1,活动互动/沉睡/回流/高活跃
877,1,活动互动/沉睡/回流/高活跃
878,1,活动互动/沉睡/回流/高活跃
879,1,活动互动/沉睡/回流/高活跃
880,1,活动互动/沉睡/回流/高活跃
881,1,活动互动/沉睡/回流/高活跃
882,1,活动互动/沉睡/回流/高活跃
883,0,活动互动
884,1,活动互动/沉睡/回流/高活跃
885,0,活动互动
886,0,活动互动
887,0,活动互动
888,1,活动互动/沉睡/回流/高活跃
889,1,活动互动/沉睡/回流/高活跃
890,1,活动互动/沉睡/回流/高活跃
891,0,活动互动
892,1,活动互动/沉睡/回流/高活跃
893,0,活动互动
894,1,活动互动/沉睡/回流/高活跃
895,1,活动互动/沉睡/回流/高活跃
896,1,活动互动/沉睡/回流/高活跃
897,1,活动互动/沉睡/回流/高活跃
898,1,活动互动/沉睡/回流/高活跃
899,1,活动互动/沉睡/回流/高活跃
900,0,活动互动
901,1,活动互动/沉睡/回流/高活跃
902,0,活动互动
903,0,活动互动
904,1,活动互动/沉睡/回流/高活跃
905,0,活动互动
906,1,活动互动/沉睡/回流/高活跃
907,1,活动互动/沉睡/回流/高活跃
908,1,活动互动/沉睡/回流/高活跃
909,1,活动互动/沉睡/回流/高活跃
910,0,活动互动
911,1,活动互动/沉睡/回流/高活跃
912,1,活动互动/沉睡/回流/高活跃
913,0,活动互动
914,0,活动互动
915,1,活动互动/沉睡/回流/高活跃
916,1,活动互动/沉睡/回流/高活跃
917,1,活动互动/沉睡/回流/高活跃
918,1,活动互动/沉睡/回流/高活跃
919,1,活动互动/沉睡/回流/高活跃
920,0,活动互动
921,1,活动互动/沉睡/回流/高活跃
922,1,活动互动/沉睡/回流/高活跃
923,0,活动互动
924,1,活动互动/沉睡/回流/高活跃
925,1,活动互动/沉睡/回流/高活跃
926,0,活动互动
927,1,活动互动/沉睡/回流/高活跃
928,1,活动互动/沉睡/回流/高活跃
929,1,活动互动/沉睡/回流/高活跃
930,0,活动互动
931,1,活动互动/沉睡/回流/高活跃
932,1,活动互动/沉睡/回流/高活跃
933,1,活动互动/沉睡/回流/高活跃
934,1,活动互动/沉睡/回流/高活跃
935,1,活动互动/沉睡/回流/高活跃
936,0,活动互动
937,1,活动互动/沉睡/回流/高活跃
938,0,活动互动
939,0,活动互动
940,1,活动互动/沉睡/回流/高活跃
941,0,活动互动
942,1,活动互动/沉睡/回流/高活跃
943,0,活动互动
944,1,活动互动/沉睡/回流/高活跃
945,1,活动互动/沉睡/回流/高活跃
946,0,活动互动
947,1,活动互动/沉睡/回流/高活跃
948,1,活动互动/沉睡/回流/高活跃
949,0,活动互动
950,1,活动互动/沉睡/回流/高活跃
951,1,活动互动/沉睡/回流/高活跃
952,1,活动互动/沉睡/回流/高活跃
953,1,活动互动/沉睡/回流/高活跃
954,1,活动互动/沉睡/回流/高活跃
955,1,活动互动/沉睡/回流/高活跃
956,0,活动互动
957,1,活动互动/沉睡/回流/高活跃
958,0,活动互动
959,0,活动互动
960,0,活动互动
961,1,活动互动/沉睡/回流/高活跃
962,1,活动互动/沉睡/回流/高活跃
963,1,活动互动/沉睡/回流/高活跃
964,1,活动互动/沉睡/回流/高活跃
965,1,活动互动/沉睡/回流/高活跃
966,1,活动互动/沉睡/回流/高活跃
967,1,活动互动/沉睡/回流/高活跃
968,1,活动互动/沉睡/回流/高活跃
969,1,活动互动/沉睡/回流/高活跃
970,1,活动互动/沉睡/回流/高活跃
971,1,活动互动/沉睡/回流/高活跃
972,1,活动互动/沉睡/回流/高活跃
973,1,活动互动/沉睡/回流/高活跃
974,1,活动互动/沉睡/回流/高活跃
975,1,活动互动/沉睡/回流/高活跃
976,1,活动互动/沉睡/回流/高活跃
977,1,活动互动/沉睡/回流/高活跃
978,1,活动互动/沉睡/回流/高活跃
979,1,活动互动/沉睡/回流/高活跃
980,1,活动互动/沉睡/回流/高活跃
981,1,活动互动/沉睡/回流/高活跃
982,1,活动互动/沉睡/回流/高活跃
983,1,活动互动/沉睡/回流/高活跃
984,1,活动互动/沉睡/回流/高活跃
986,0,活动互动
987,1,活动互动/沉睡/回流/高活跃
988,1,活动互动/沉睡/回流/高活跃
989,1,活动互动/沉睡/回流/高活跃
990,1,活动互动/沉睡/回流/高活跃
991,1,活动互动/沉睡/回流/高活跃
992,1,活动互动/沉睡/回流/高活跃
993,1,活动互动/沉睡/回流/高活跃
994,1,活动互动/沉睡/回流/高活跃
995,0,活动互动
996,1,活动互动/沉睡/回流/高活跃
997,1,活动互动/沉睡/回流/高活跃
998,1,活动互动/沉睡/回流/高活跃
999,1,活动互动/沉睡/回流/高活跃
1312,1,活动互动/沉睡/回流/高活跃
1591,1,活动互动/沉睡/回流/高活跃
2110,1,活动互动/沉睡/回流/高活跃
2195,1,活动互动/沉睡/回流/高活跃
3433,0,活动互动
4043,1,活动互动/沉睡/回流/高活跃
4376,0,活动互动
4377,1,活动互动/沉睡/回流/高活跃
4378,1,活动互动/沉睡/回流/高活跃
4379,1,活动互动/沉睡/回流/高活跃
4380,1,活动互动/沉睡/回流/高活跃
4381,1,活动互动/沉睡/回流/高活跃
4382,1,活动互动/沉睡/回流/高活跃
4383,1,活动互动/沉睡/回流/高活跃
4384,0,活动互动
4385,1,活动互动/沉睡/回流/高活跃
4386,1,活动互动/沉睡/回流/高活跃
4387,1,活动互动/沉睡/回流/高活跃
4388,1,活动互动/沉睡/回流/高活跃
4389,1,活动互动/沉睡/回流/高活跃
4390,1,活动互动/沉睡/回流/高活跃
4391,1,活动互动/沉睡/回流/高活跃
4392,0,活动互动
4393,0,活动互动
4394,1,活动互动/沉睡/回流/高活跃
4395,1,活动互动/沉睡/回流/高活跃
4396,1,活动互动/沉睡/回流/高活跃
4397,1,活动互动/沉睡/回流/高活跃
4398,1,活动互动/沉睡/回流/高活跃
4399,1,活动互动/沉睡/回流/高活跃
4400,1,活动互动/沉睡/回流/高活跃
4401,1,活动互动/沉睡/回流/高活跃
4402,1,活动互动/沉睡/回流/高活跃
4403,1,活动互动/沉睡/回流/高活跃
4404,1,活动互动/沉睡/回流/高活跃
4405,1,活动互动/沉睡/回流/高活跃
4406,0,活动互动
4407,1,活动互动/沉睡/回流/高活跃
4408,1,活动互动/沉睡/回流/高活跃
4409,1,活动互动/沉睡/回流/高活跃
4410,1,活动互动/沉睡/回流/高活跃
4411,1,活动互动/沉睡/回流/高活跃
4412,0,活动互动
4413,1,活动互动/沉睡/回流/高活跃
4414,0,活动互动
4415,1,活动互动/沉睡/回流/高活跃
4416,1,活动互动/沉睡/回流/高活跃
4417,1,活动互动/沉睡/回流/高活跃
4418,1,活动互动/沉睡/回流/高活跃
4419,0,活动互动
4420,1,活动互动/沉睡/回流/高活跃
4421,0,活动互动
4422,1,活动互动/沉睡/回流/高活跃
4423,1,活动互动/沉睡/回流/高活跃
4424,1,活动互动/沉睡/回流/高活跃
4425,1,活动互动/沉睡/回流/高活跃
4426,1,活动互动/沉睡/回流/高活跃
4427,1,活动互动/沉睡/回流/高活跃
4428,1,活动互动/沉睡/回流/高活跃
4429,1,活动互动/沉睡/回流/高活跃
4430,1,活动互动/沉睡/回流/高活跃
4431,0,活动互动
4432,0,活动互动
4433,0,活动互动
4434,1,活动互动/沉睡/回流/高活跃
4435,0,活动互动
4436,1,活动互动/沉睡/回流/高活跃
4437,1,活动互动/沉睡/回流/高活跃
4438,1,活动互动/沉睡/回流/高活跃
4439,1,活动互动/沉睡/回流/高活跃
4440,1,活动互动/沉睡/回流/高活跃
4441,0,活动互动
4442,1,活动互动/沉睡/回流/高活跃
4443,1,活动互动/沉睡/回流/高活跃
4444,0,活动互动
4445,1,活动互动/沉睡/回流/高活跃
4446,0,活动互动
4447,0,活动互动
4448,0,活动互动
4449,1,活动互动/沉睡/回流/高活跃
4450,1,活动互动/沉睡/回流/高活跃
4451,1,活动互动/沉睡/回流/高活跃
4452,1,活动互动/沉睡/回流/高活跃
4453,0,活动互动
4454,1,活动互动/沉睡/回流/高活跃
4455,0,活动互动
4456,1,活动互动/沉睡/回流/高活跃
4457,1,活动互动/沉睡/回流/高活跃
4458,1,活动互动/沉睡/回流/高活跃
4459,1,活动互动/沉睡/回流/高活跃
4460,0,活动互动
4461,0,活动互动
4462,1,活动互动/沉睡/回流/高活跃
4463,0,活动互动
4464,0,活动互动
4465,1,活动互动/沉睡/回流/高活跃
4466,0,活动互动
4467,1,活动互动/沉睡/回流/高活跃
4468,0,活动互动
4469,0,活动互动
4470,1,活动互动/沉睡/回流/高活跃
4471,1,活动互动/沉睡/回流/高活跃
4472,1,活动互动/沉睡/回流/高活跃
4473,1,活动互动/沉睡/回流/高活跃
4474,1,活动互动/沉睡/回流/高活跃
4475,0,活动互动
4476,1,活动互动/沉睡/回流/高活跃
4477,0,活动互动
4478,1,活动互动/沉睡/回流/高活跃
4480,1,活动互动/沉睡/回流/高活跃
4481,0,活动互动
4482,0,活动互动
4483,1,活动互动/沉睡/回流/高活跃
4484,0,活动互动
4485,1,活动互动/沉睡/回流/高活跃
4486,0,活动互动
4487,0,活动互动
4488,0,活动互动
4489,0,活动互动
4490,1,活动互动/沉睡/回流/高活跃
4491,1,活动互动/沉睡/回流/高活跃
4492,1,活动互动/沉睡/回流/高活跃
4493,1,活动互动/沉睡/回流/高活跃
4494,1,活动互动/沉睡/回流/高活跃
4495,1,活动互动/沉睡/回流/高活跃
4496,0,活动互动
4497,1,活动互动/沉睡/回流/高活跃
4498,1,活动互动/沉睡/回流/高活跃
4499,1,活动互动/沉睡/回流/高活跃
4500,1,活动互动/沉睡/回流/高活跃
4501,0,活动互动
4502,0,活动互动
4503,0,活动互动
4504,0,活动互动
4505,0,活动互动
4506,1,活动互动/沉睡/回流/高活跃
4507,1,活动互动/沉睡/回流/高活跃
4508,1,活动互动/沉睡/回流/高活跃
4509,1,活动互动/沉睡/回流/高活跃
4510,1,活动互动/沉睡/回流/高活跃
4511,1,活动互动/沉睡/回流/高活跃
4512,1,活动互动/沉睡/回流/高活跃
4513,1,活动互动/沉睡/回流/高活跃
4514,1,活动互动/沉睡/回流/高活跃
4515,0,活动互动
4516,1,活动互动/沉睡/回流/高活跃
4517,0,活动互动
4518,1,活动互动/沉睡/回流/高活跃
4519,1,活动互动/沉睡/回流/高活跃
4521,1,活动互动/沉睡/回流/高活跃
4522,0,活动互动
4523,0,活动互动
4524,1,活动互动/沉睡/回流/高活跃
4525,0,活动互动
4526,1,活动互动/沉睡/回流/高活跃
4527,1,活动互动/沉睡/回流/高活跃
4528,1,活动互动/沉睡/回流/高活跃
4529,1,活动互动/沉睡/回流/高活跃
4530,1,活动互动/沉睡/回流/高活跃
4531,0,活动互动
4532,1,活动互动/沉睡/回流/高活跃
4533,0,活动互动
4534,0,活动互动
4535,1,活动互动/沉睡/回流/高活跃
4536,1,活动互动/沉睡/回流/高活跃
4537,0,活动互动
4538,0,活动互动
4539,0,活动互动
4540,1,活动互动/沉睡/回流/高活跃
4541,1,活动互动/沉睡/回流/高活跃
4542,0,活动互动
4543,0,活动互动
4544,1,活动互动/沉睡/回流/高活跃
4545,0,活动互动
4546,0,活动互动
4547,1,活动互动/沉睡/回流/高活跃
4548,1,活动互动/沉睡/回流/高活跃
4549,1,活动互动/沉睡/回流/高活跃
4550,1,活动互动/沉睡/回流/高活跃
4551,1,活动互动/沉睡/回流/高活跃
4552,1,活动互动/沉睡/回流/高活跃
4553,1,活动互动/沉睡/回流/高活跃
4554,0,活动互动
4555,1,活动互动/沉睡/回流/高活跃
4556,1,活动互动/沉睡/回流/高活跃
4557,1,活动互动/沉睡/回流/高活跃
4558,1,活动互动/沉睡/回流/高活跃
4559,0,活动互动
4560,1,活动互动/沉睡/回流/高活跃
4561,1,活动互动/沉睡/回流/高活跃
4562,1,活动互动/沉睡/回流/高活跃
4563,1,活动互动/沉睡/回流/高活跃
4564,1,活动互动/沉睡/回流/高活跃
4565,0,活动互动
4566,0,活动互动
4567,0,活动互动
4568,1,活动互动/沉睡/回流/高活跃
4569,1,活动互动/沉睡/回流/高活跃
4570,0,活动互动
4571,0,活动互动
4572,1,活动互动/沉睡/回流/高活跃
4573,1,活动互动/沉睡/回流/高活跃
4574,1,活动互动/沉睡/回流/高活跃
4575,0,活动互动
4576,0,活动互动
4577,0,活动互动
4578,1,活动互动/沉睡/回流/高活跃
4579,1,活动互动/沉睡/回流/高活跃
4580,0,活动互动
4581,0,活动互动
4582,0,活动互动
4583,1,活动互动/沉睡/回流/高活跃
4584,1,活动互动/沉睡/回流/高活跃
4585,1,活动互动/沉睡/回流/高活跃
4586,0,活动互动
4587,0,活动互动
4588,0,活动互动
4589,1,活动互动/沉睡/回流/高活跃
4590,1,活动互动/沉睡/回流/高活跃
4591,0,活动互动
4592,1,活动互动/沉睡/回流/高活跃
4593,1,活动互动/沉睡/回流/高活跃
4594,1,活动互动/沉睡/回流/高活跃
4595,1,活动互动/沉睡/回流/高活跃
4596,1,活动互动/沉睡/回流/高活跃
4597,0,活动互动
4598,0,活动互动
4599,1,活动互动/沉睡/回流/高活跃
4600,0,活动互动
4601,0,活动互动
4602,0,活动互动
4603,1,活动互动/沉睡/回流/高活跃
4604,0,活动互动
4605,1,活动互动/沉睡/回流/高活跃
4606,1,活动互动/沉睡/回流/高活跃
4608,0,活动互动
4609,0,活动互动
4611,1,活动互动/沉睡/回流/高活跃
4612,0,活动互动
4613,0,活动互动
4614,0,活动互动
4615,0,活动互动
4616,0,活动互动
4617,0,活动互动
4618,0,活动互动
4619,0,活动互动
4620,0,活动互动
4621,0,活动互动
4622,1,活动互动/沉睡/回流/高活跃
4623,1,活动互动/沉睡/回流/高活跃
4624,1,活动互动/沉睡/回流/高活跃
4625,0,活动互动
4626,1,活动互动/沉睡/回流/高活跃
4627,1,活动互动/沉睡/回流/高活跃
4628,1,活动互动/沉睡/回流/高活跃
4629,1,活动互动/沉睡/回流/高活跃
4630,1,活动互动/沉睡/回流/高活跃
4631,1,活动互动/沉睡/回流/高活跃
4632,1,活动互动/沉睡/回流/高活跃
4633,1,活动互动/沉睡/回流/高活跃
4634,1,活动互动/沉睡/回流/高活跃
4635,1,活动互动/沉睡/回流/高活跃
4636,1,活动互动/沉睡/回流/高活跃
4637,1,活动互动/沉睡/回流/高活跃
4638,0,活动互动
4639,1,活动互动/沉睡/回流/高活跃
4640,1,活动互动/沉睡/回流/高活跃
4641,1,活动互动/沉睡/回流/高活跃
4642,1,活动互动/沉睡/回流/高活跃
4643,0,活动互动
4644,1,活动互动/沉睡/回流/高活跃
4645,1,活动互动/沉睡/回流/高活跃
4646,1,活动互动/沉睡/回流/高活跃
4647,1,活动互动/沉睡/回流/高活跃
4648,1,活动互动/沉睡/回流/高活跃
4649,1,活动互动/沉睡/回流/高活跃
4650,1,活动互动/沉睡/回流/高活跃
4651,1,活动互动/沉睡/回流/高活跃
4652,1,活动互动/沉睡/回流/高活跃
4653,1,活动互动/沉睡/回流/高活跃
4654,1,活动互动/沉睡/回流/高活跃
4655,1,活动互动/沉睡/回流/高活跃
4656,1,活动互动/沉睡/回流/高活跃
4657,1,活动互动/沉睡/回流/高活跃
4658,1,活动互动/沉睡/回流/高活跃
4659,1,活动互动/沉睡/回流/高活跃
4660,0,活动互动
4661,1,活动互动/沉睡/回流/高活跃
4662,1,活动互动/沉睡/回流/高活跃
4663,1,活动互动/沉睡/回流/高活跃
4664,0,活动互动
4665,1,活动互动/沉睡/回流/高活跃
4666,1,活动互动/沉睡/回流/高活跃
4667,1,活动互动/沉睡/回流/高活跃
4668,1,活动互动/沉睡/回流/高活跃
4669,1,活动互动/沉睡/回流/高活跃
4670,1,活动互动/沉睡/回流/高活跃
4671,1,活动互动/沉睡/回流/高活跃
4672,1,活动互动/沉睡/回流/高活跃
4673,0,活动互动
4674,0,活动互动
4675,1,活动互动/沉睡/回流/高活跃
4676,1,活动互动/沉睡/回流/高活跃
4677,1,活动互动/沉睡/回流/高活跃
4678,1,活动互动/沉睡/回流/高活跃
4679,1,活动互动/沉睡/回流/高活跃
4680,0,活动互动
4681,1,活动互动/沉睡/回流/高活跃
4682,1,活动互动/沉睡/回流/高活跃
4683,1,活动互动/沉睡/回流/高活跃
4684,1,活动互动/沉睡/回流/高活跃
4685,0,活动互动
4686,1,活动互动/沉睡/回流/高活跃
4687,0,活动互动
4688,1,活动互动/沉睡/回流/高活跃
4689,1,活动互动/沉睡/回流/高活跃
4690,0,活动互动
4691,0,活动互动
4692,1,活动互动/沉睡/回流/高活跃
4693,1,活动互动/沉睡/回流/高活跃
4694,0,活动互动
4695,1,活动互动/沉睡/回流/高活跃
4696,1,活动互动/沉睡/回流/高活跃
4697,1,活动互动/沉睡/回流/高活跃
4698,0,活动互动
4699,1,活动互动/沉睡/回流/高活跃
4700,1,活动互动/沉睡/回流/高活跃
4701,1,活动互动/沉睡/回流/高活跃
4702,1,活动互动/沉睡/回流/高活跃
4703,1,活动互动/沉睡/回流/高活跃
4704,1,活动互动/沉睡/回流/高活跃
4705,1,活动互动/沉睡/回流/高活跃
4706,0,活动互动
4707,1,活动互动/沉睡/回流/高活跃
4708,1,活动互动/沉睡/回流/高活跃
4709,1,活动互动/沉睡/回流/高活跃
4710,1,活动互动/沉睡/回流/高活跃
4711,1,活动互动/沉睡/回流/高活跃
4712,1,活动互动/沉睡/回流/高活跃
4713,1,活动互动/沉睡/回流/高活跃
4714,0,活动互动
4715,1,活动互动/沉睡/回流/高活跃
4716,1,活动互动/沉睡/回流/高活跃
4717,0,活动互动
4718,1,活动互动/沉睡/回流/高活跃
4719,1,活动互动/沉睡/回流/高活跃
4720,1,活动互动/沉睡/回流/高活跃
4721,1,活动互动/沉睡/回流/高活跃
4722,1,活动互动/沉睡/回流/高活跃
4723,1,活动互动/沉睡/回流/高活跃
4724,0,活动互动
4725,1,活动互动/沉睡/回流/高活跃
4726,1,活动互动/沉睡/回流/高活跃
4727,1,活动互动/沉睡/回流/高活跃
4728,1,活动互动/沉睡/回流/高活跃
4729,1,活动互动/沉睡/回流/高活跃
4730,1,活动互动/沉睡/回流/高活跃
4731,1,活动互动/沉睡/回流/高活跃
4732,1,活动互动/沉睡/回流/高活跃
4733,0,活动互动
4734,1,活动互动/沉睡/回流/高活跃
4735,1,活动互动/沉睡/回流/高活跃
4736,1,活动互动/沉睡/回流/高活跃
4737,1,活动互动/沉睡/回流/高活跃
4738,1,活动互动/沉睡/回流/高活跃
4739,1,活动互动/沉睡/回流/高活跃
4740,1,活动互动/沉睡/回流/高活跃
4741,1,活动互动/沉睡/回流/高活跃
4742,1,活动互动/沉睡/回流/高活跃
4743,1,活动互动/沉睡/回流/高活跃
4744,1,活动互动/沉睡/回流/高活跃
4745,1,活动互动/沉睡/回流/高活跃
4746,1,活动互动/沉睡/回流/高活跃
4747,1,活动互动/沉睡/回流/高活跃
4748,1,活动互动/沉睡/回流/高活跃
4749,1,活动互动/沉睡/回流/高活跃
4750,1,活动互动/沉睡/回流/高活跃
4751,1,活动互动/沉睡/回流/高活跃
4752,0,活动互动
4753,1,活动互动/沉睡/回流/高活跃
4754,1,活动互动/沉睡/回流/高活跃
4755,1,活动互动/沉睡/回流/高活跃
4756,1,活动互动/沉睡/回流/高活跃
4757,0,活动互动
4758,0,活动互动
4759,0,活动互动
4760,1,活动互动/沉睡/回流/高活跃
4761,0,活动互动
4762,1,活动互动/沉睡/回流/高活跃
4763,0,活动互动
4764,1,活动互动/沉睡/回流/高活跃
4765,1,活动互动/沉睡/回流/高活跃
4766,1,活动互动/沉睡/回流/高活跃
4767,0,活动互动
4768,1,活动互动/沉睡/回流/高活跃
4769,1,活动互动/沉睡/回流/高活跃
4770,1,活动互动/沉睡/回流/高活跃
4771,1,活动互动/沉睡/回流/高活跃
4772,0,活动互动
4773,1,活动互动/沉睡/回流/高活跃
4774,1,活动互动/沉睡/回流/高活跃
4775,1,活动互动/沉睡/回流/高活跃
4776,0,活动互动
4777,0,活动互动
4778,1,活动互动/沉睡/回流/高活跃
4779,1,活动互动/沉睡/回流/高活跃
4780,1,活动互动/沉睡/回流/高活跃
4781,1,活动互动/沉睡/回流/高活跃
4782,0,活动互动
4783,1,活动互动/沉睡/回流/高活跃
4784,1,活动互动/沉睡/回流/高活跃
4785,1,活动互动/沉睡/回流/高活跃
4786,1,活动互动/沉睡/回流/高活跃
4787,1,活动互动/沉睡/回流/高活跃
4788,1,活动互动/沉睡/回流/高活跃
4789,1,活动互动/沉睡/回流/高活跃
4790,1,活动互动/沉睡/回流/高活跃
4791,1,活动互动/沉睡/回流/高活跃
4792,0,活动互动
4793,1,活动互动/沉睡/回流/高活跃
4794,1,活动互动/沉睡/回流/高活跃
4795,1,活动互动/沉睡/回流/高活跃
4796,1,活动互动/沉睡/回流/高活跃
4797,1,活动互动/沉睡/回流/高活跃
4798,0,活动互动
4799,0,活动互动
4800,0,活动互动
4801,0,活动互动
4802,1,活动互动/沉睡/回流/高活跃
4803,1,活动互动/沉睡/回流/高活跃
4804,1,活动互动/沉睡/回流/高活跃
4805,0,活动互动
4806,1,活动互动/沉睡/回流/高活跃
4807,1,活动互动/沉睡/回流/高活跃
4808,1,活动互动/沉睡/回流/高活跃
4809,0,活动互动
4810,1,活动互动/沉睡/回流/高活跃
4811,1,活动互动/沉睡/回流/高活跃
4812,0,活动互动
4813,1,活动互动/沉睡/回流/高活跃
4814,0,活动互动
4815,1,活动互动/沉睡/回流/高活跃
4816,0,活动互动
4817,0,活动互动
4818,0,活动互动
4819,1,活动互动/沉睡/回流/高活跃
4820,1,活动互动/沉睡/回流/高活跃
4821,1,活动互动/沉睡/回流/高活跃
4822,1,活动互动/沉睡/回流/高活跃
4823,1,活动互动/沉睡/回流/高活跃
4824,0,活动互动
4825,1,活动互动/沉睡/回流/高活跃
4826,0,活动互动
4827,1,活动互动/沉睡/回流/高活跃
4828,0,活动互动
4829,1,活动互动/沉睡/回流/高活跃
4830,1,活动互动/沉睡/回流/高活跃
4831,0,活动互动
4832,0,活动互动
4833,0,活动互动
4834,1,活动互动/沉睡/回流/高活跃
4835,0,活动互动
4836,1,活动互动/沉睡/回流/高活跃
4837,1,活动互动/沉睡/回流/高活跃
4838,0,活动互动
4839,0,活动互动
4840,1,活动互动/沉睡/回流/高活跃
4841,1,活动互动/沉睡/回流/高活跃
4842,1,活动互动/沉睡/回流/高活跃
4843,1,活动互动/沉睡/回流/高活跃
4844,1,活动互动/沉睡/回流/高活跃
4845,1,活动互动/沉睡/回流/高活跃
4846,1,活动互动/沉睡/回流/高活跃
4847,1,活动互动/沉睡/回流/高活跃
4849,1,活动互动/沉睡/回流/高活跃
4850,1,活动互动/沉睡/回流/高活跃
4851,1,活动互动/沉睡/回流/高活跃
4852,1,活动互动/沉睡/回流/高活跃
4853,1,活动互动/沉睡/回流/高活跃
4854,1,活动互动/沉睡/回流/高活跃
4855,1,活动互动/沉睡/回流/高活跃
4856,1,活动互动/沉睡/回流/高活跃
4857,0,活动互动
4858,0,活动互动
4859,1,活动互动/沉睡/回流/高活跃
4860,0,活动互动
4861,1,活动互动/沉睡/回流/高活跃
4862,1,活动互动/沉睡/回流/高活跃
4863,1,活动互动/沉睡/回流/高活跃
4864,1,活动互动/沉睡/回流/高活跃
4865,0,活动互动
4866,0,活动互动
4867,0,活动互动
4868,0,活动互动
4869,0,活动互动
4870,0,活动互动
4871,0,活动互动
4872,0,活动互动
4873,0,活动互动
4874,0,活动互动
4875,0,活动互动
4876,0,活动互动
4877,0,活动互动
4878,0,活动互动
4879,1,活动互动/沉睡/回流/高活跃
4880,0,活动互动
4881,0,活动互动
4882,0,活动互动
4883,1,活动互动/沉睡/回流/高活跃
4884,0,活动互动
4885,0,活动互动
4886,1,活动互动/沉睡/回流/高活跃
4887,0,活动互动
4888,0,活动互动
4889,0,活动互动
4890,0,活动互动
4891,0,活动互动
4892,0,活动互动
4893,0,活动互动
4894,0,活动互动
4895,0,活动互动
4896,0,活动互动
4897,0,活动互动
4898,0,活动互动
4899,0,活动互动
4900,0,活动互动
4901,0,活动互动
4902,0,活动互动
4903,0,活动互动
4904,0,活动互动
4905,0,活动互动
4906,1,活动互动/沉睡/回流/高活跃
4907,0,活动互动
4908,0,活动互动
4909,0,活动互动
4910,0,活动互动
4911,0,活动互动
4912,0,活动互动
4913,0,活动互动
4914,0,活动互动
4915,0,活动互动
4916,0,活动互动
4917,0,活动互动
4918,0,活动互动
4919,0,活动互动
4920,0,活动互动
4921,0,活动互动
4922,0,活动互动
4923,0,活动互动
4924,0,活动互动
4925,0,活动互动
4926,0,活动互动
4927,0,活动互动
4928,1,活动互动/沉睡/回流/高活跃
4929,0,活动互动
4930,0,活动互动
4931,0,活动互动
4932,0,活动互动
4933,0,活动互动
4934,1,活动互动/沉睡/回流/高活跃
4935,0,活动互动
4936,0,活动互动
4937,0,活动互动
4938,1,活动互动/沉睡/回流/高活跃
4939,0,活动互动
4940,0,活动互动
4941,0,活动互动
4942,1,活动互动/沉睡/回流/高活跃
4943,0,活动互动
4944,1,活动互动/沉睡/回流/高活跃
4945,0,活动互动
4946,0,活动互动
4947,0,活动互动
4948,0,活动互动
4949,0,活动互动
4950,0,活动互动
4951,0,活动互动
4952,0,活动互动
4953,1,活动互动/沉睡/回流/高活跃
4954,0,活动互动
4955,0,活动互动
4956,0,活动互动
4957,0,活动互动
4958,0,活动互动
4959,1,活动互动/沉睡/回流/高活跃
4960,0,活动互动
4961,1,活动互动/沉睡/回流/高活跃
4962,0,活动互动
4963,0,活动互动
4964,0,活动互动
4965,0,活动互动
4966,0,活动互动
4967,0,活动互动
4968,1,活动互动/沉睡/回流/高活跃
4969,0,活动互动
4970,0,活动互动
4971,1,活动互动/沉睡/回流/高活跃
4972,0,活动互动
4973,1,活动互动/沉睡/回流/高活跃
4974,0,活动互动
4975,1,活动互动/沉睡/回流/高活跃
4976,0,活动互动
4977,0,活动互动
4978,0,活动互动
4979,0,活动互动
4980,0,活动互动
4981,1,活动互动/沉睡/回流/高活跃
4982,0,活动互动
4983,0,活动互动
4984,0,活动互动
4985,0,活动互动
4986,0,活动互动
4987,1,活动互动/沉睡/回流/高活跃
4988,0,活动互动
4989,0,活动互动
4990,0,活动互动
4991,0,活动互动
4992,0,活动互动
4993,0,活动互动
4994,0,活动互动
4995,0,活动互动
4996,0,活动互动
4997,0,活动互动
4998,0,活动互动
4999,0,活动互动
5000,0,活动互动
5001,1,活动互动/沉睡/回流/高活跃
5002,0,活动互动
5003,0,活动互动
5004,0,活动互动
5005,0,活动互动
5006,0,活动互动
5007,0,活动互动
5008,1,活动互动/沉睡/回流/高活跃
5009,0,活动互动
5010,0,活动互动
5011,0,活动互动
5012,0,活动互动
5013,0,活动互动
5014,0,活动互动
5015,0,活动互动
5016,0,活动互动
5017,0,活动互动
5018,0,活动互动
5019,0,活动互动
5020,0,活动互动
5021,0,活动互动
5022,0,活动互动
5023,0,活动互动
5024,0,活动互动
5025,0,活动互动
5026,1,活动互动/沉睡/回流/高活跃
5027,0,活动互动
5028,0,活动互动
5029,0,活动互动
5030,0,活动互动
5031,0,活动互动
5032,0,活动互动
5033,0,活动互动
5034,0,活动互动
5035,0,活动互动
5036,0,活动互动
5037,0,活动互动
5038,0,活动互动
5039,1,活动互动/沉睡/回流/高活跃
5040,0,活动互动
5041,0,活动互动
5042,0,活动互动
5043,0,活动互动
5044,0,活动互动
5045,0,活动互动
5046,0,活动互动
5047,1,活动互动/沉睡/回流/高活跃
5048,0,活动互动
5049,0,活动互动
5050,0,活动互动
5051,0,活动互动
5052,0,活动互动
5053,1,活动互动/沉睡/回流/高活跃
5054,0,活动互动
5055,0,活动互动
5056,0,活动互动
5057,0,活动互动
5058,0,活动互动
5059,0,活动互动
5060,0,活动互动
5061,0,活动互动
5062,0,活动互动
5063,0,活动互动
5064,0,活动互动
5065,0,活动互动
5066,0,活动互动
5067,0,活动互动
5068,0,活动互动
5069,0,活动互动
5070,0,活动互动
5071,0,活动互动
5072,0,活动互动
5073,0,活动互动
5074,0,活动互动
5075,0,活动互动
5076,0,活动互动
5077,0,活动互动
5078,0,活动互动
5079,0,活动互动
5080,0,活动互动
5081,0,活动互动
5082,0,活动互动
5083,0,活动互动
5084,0,活动互动
5085,1,活动互动/沉睡/回流/高活跃
5086,0,活动互动
5087,0,活动互动
5088,0,活动互动
5089,0,活动互动
5090,0,活动互动
5091,0,活动互动
5092,0,活动互动
5093,0,活动互动
5094,0,活动互动
5095,0,活动互动
5096,0,活动互动
5097,1,活动互动/沉睡/回流/高活跃
5098,0,活动互动
5099,1,活动互动/沉睡/回流/高活跃
5100,0,活动互动
5101,0,活动互动
5102,0,活动互动
5103,0,活动互动
5104,0,活动互动
5105,0,活动互动
5106,0,活动互动
5107,1,活动互动/沉睡/回流/高活跃
5108,0,活动互动
5109,0,活动互动
5110,0,活动互动
5111,0,活动互动
5112,0,活动互动
5113,0,活动互动
5114,0,活动互动
5115,0,活动互动
5116,0,活动互动
5117,1,活动互动/沉睡/回流/高活跃
5118,0,活动互动
5119,0,活动互动
5120,0,活动互动
5121,0,活动互动
5122,0,活动互动
5123,0,活动互动
5124,0,活动互动
5125,0,活动互动
5126,0,活动互动
5127,0,活动互动
5128,0,活动互动
5129,0,活动互动
5130,1,活动互动/沉睡/回流/高活跃
5131,1,活动互动/沉睡/回流/高活跃
5132,1,活动互动/沉睡/回流/高活跃
5133,0,活动互动
5134,1,活动互动/沉睡/回流/高活跃
5135,0,活动互动
5136,0,活动互动
5137,0,活动互动
5138,0,活动互动
5139,0,活动互动
5140,0,活动互动
5141,0,活动互动
5142,0,活动互动
5143,0,活动互动
5144,0,活动互动
5145,0,活动互动
5146,0,活动互动
5147,0,活动互动
5148,0,活动互动
5149,0,活动互动
5150,0,活动互动
5151,0,活动互动
5152,1,活动互动/沉睡/回流/高活跃
5153,0,活动互动
5154,0,活动互动
5155,0,活动互动
5156,1,活动互动/沉睡/回流/高活跃
5157,0,活动互动
5158,0,活动互动
5159,0,活动互动
5160,0,活动互动
5161,0,活动互动
5162,0,活动互动
5163,0,活动互动
5164,0,活动互动
5165,1,活动互动/沉睡/回流/高活跃
5166,0,活动互动
5167,0,活动互动
5168,0,活动互动
5169,0,活动互动
5170,0,活动互动
5171,0,活动互动
5172,0,活动互动
5173,0,活动互动
5174,0,活动互动
5175,0,活动互动
5176,0,活动互动
5177,1,活动互动/沉睡/回流/高活跃
5178,1,活动互动/沉睡/回流/高活跃
5179,1,活动互动/沉睡/回流/高活跃
5180,0,活动互动
5181,1,活动互动/沉睡/回流/高活跃
5182,1,活动互动/沉睡/回流/高活跃
5183,1,活动互动/沉睡/回流/高活跃
5184,1,活动互动/沉睡/回流/高活跃
5185,1,活动互动/沉睡/回流/高活跃
5186,0,活动互动
5187,1,活动互动/沉睡/回流/高活跃
5188,0,活动互动
5189,0,活动互动
5190,0,活动互动
5191,1,活动互动/沉睡/回流/高活跃
5192,0,活动互动
5193,1,活动互动/沉睡/回流/高活跃
5194,0,活动互动
5195,0,活动互动
5196,0,活动互动
5197,0,活动互动
5198,0,活动互动
5199,0,活动互动
5200,0,活动互动
5201,0,活动互动
5202,0,活动互动
5203,0,活动互动
5204,0,活动互动
5205,1,活动互动/沉睡/回流/高活跃
5206,0,活动互动
5207,0,活动互动
5208,0,活动互动
5209,0,活动互动
5210,0,活动互动
5211,0,活动互动
5212,0,活动互动
5213,1,活动互动/沉睡/回流/高活跃
5214,0,活动互动
5215,1,活动互动/沉睡/回流/高活跃
5216,0,活动互动
5217,1,活动互动/沉睡/回流/高活跃
5218,1,活动互动/沉睡/回流/高活跃
5219,1,活动互动/沉睡/回流/高活跃
5220,0,活动互动
5221,0,活动互动
5222,1,活动互动/沉睡/回流/高活跃
5223,1,活动互动/沉睡/回流/高活跃
5224,0,活动互动
5225,0,活动互动
5226,0,活动互动
5227,0,活动互动
5228,0,活动互动
5229,0,活动互动
5230,0,活动互动
5231,0,活动互动
5232,0,活动互动
5233,0,活动互动
5234,0,活动互动
5235,0,活动互动
5236,0,活动互动
5237,1,活动互动/沉睡/回流/高活跃
5238,0,活动互动
5239,0,活动互动
5240,0,活动互动
5241,0,活动互动
5242,0,活动互动
5243,0,活动互动
5244,1,活动互动/沉睡/回流/高活跃
5245,0,活动互动
5246,0,活动互动
5247,0,活动互动
5248,0,活动互动
5249,0,活动互动
5250,0,活动互动
5251,0,活动互动
5252,0,活动互动
5253,0,活动互动
5254,0,活动互动
5255,0,活动互动
5256,0,活动互动
5257,0,活动互动
5258,0,活动互动
5259,0,活动互动
5260,0,活动互动
5261,0,活动互动
5262,0,活动互动
5263,0,活动互动
5264,0,活动互动
5265,0,活动互动
5266,0,活动互动
5267,0,活动互动
5268,0,活动互动
5269,0,活动互动
5270,0,活动互动
5271,0,活动互动
5272,0,活动互动
5273,0,活动互动
5274,0,活动互动
5275,0,活动互动
5276,0,活动互动
5277,0,活动互动
5278,0,活动互动
5279,0,活动互动
5280,0,活动互动
5281,0,活动互动
5282,0,活动互动
5283,0,活动互动
5284,1,活动互动/沉睡/回流/高活跃
5285,0,活动互动
5286,0,活动互动
5287,0,活动互动
5288,0,活动互动
5289,0,活动互动
5290,1,活动互动/沉睡/回流/高活跃
5291,0,活动互动
5292,1,活动互动/沉睡/回流/高活跃
5293,0,活动互动
5294,0,活动互动
5295,0,活动互动
5296,0,活动互动
5297,0,活动互动
5298,1,活动互动/沉睡/回流/高活跃
5299,0,活动互动
5300,0,活动互动
5301,0,活动互动
5302,0,活动互动
5303,0,活动互动
5304,0,活动互动
5305,0,活动互动
5306,0,活动互动
5307,0,活动互动
5308,0,活动互动
5309,0,活动互动
5310,0,活动互动
5311,0,活动互动
5312,0,活动互动
5313,0,活动互动
5314,0,活动互动
5315,0,活动互动
5316,0,活动互动
5317,0,活动互动
5318,0,活动互动
5319,0,活动互动
5320,0,活动互动
5321,0,活动互动
5322,1,活动互动/沉睡/回流/高活跃
5323,0,活动互动
5324,0,活动互动
5325,0,活动互动
5326,1,活动互动/沉睡/回流/高活跃
5327,0,活动互动
5328,0,活动互动
5329,0,活动互动
5330,0,活动互动
5331,0,活动互动
5332,0,活动互动
5333,0,活动互动
5334,0,活动互动
5335,0,活动互动
5336,0,活动互动
5337,0,活动互动
5338,1,活动互动/沉睡/回流/高活跃
5339,0,活动互动
5340,1,活动互动/沉睡/回流/高活跃
5341,0,活动互动
5342,0,活动互动
5343,0,活动互动
5344,1,活动互动/沉睡/回流/高活跃
5345,0,活动互动
5346,0,活动互动
5347,0,活动互动
5348,0,活动互动
5349,0,活动互动
5350,0,活动互动
5351,0,活动互动
5352,1,活动互动/沉睡/回流/高活跃
5353,0,活动互动
5354,0,活动互动
5355,0,活动互动
5356,0,活动互动
5357,0,活动互动
5358,0,活动互动
5359,0,活动互动
5360,0,活动互动
5361,0,活动互动
5362,0,活动互动
5363,0,活动互动
5364,1,活动互动/沉睡/回流/高活跃
5365,0,活动互动
5366,0,活动互动
5367,1,活动互动/沉睡/回流/高活跃
5368,0,活动互动
5369,0,活动互动
5370,0,活动互动
5371,0,活动互动
5372,0,活动互动
5373,0,活动互动
5374,1,活动互动/沉睡/回流/高活跃
5375,0,活动互动
5376,1,活动互动/沉睡/回流/高活跃
5377,0,活动互动
5378,0,活动互动
5379,0,活动互动
5380,0,活动互动
5381,0,活动互动
5382,0,活动互动
5383,0,活动互动
5384,1,活动互动/沉睡/回流/高活跃
5385,0,活动互动
5386,0,活动互动
5387,0,活动互动
5388,0,活动互动
5389,0,活动互动
5390,0,活动互动
5391,0,活动互动
5392,0,活动互动
5393,0,活动互动
5394,0,活动互动
5395,0,活动互动
5396,0,活动互动
5397,0,活动互动
5398,0,活动互动
5399,0,活动互动
5400,0,活动互动
5401,0,活动互动
5402,0,活动互动
5403,0,活动互动
5404,0,活动互动
5405,0,活动互动
5406,0,活动互动
5407,0,活动互动
5408,0,活动互动
5409,0,活动互动
5410,0,活动互动
5411,1,活动互动/沉睡/回流/高活跃
5412,0,活动互动
5413,0,活动互动
5414,0,活动互动
5415,0,活动互动
5416,0,活动互动
5417,0,活动互动
5418,0,活动互动
5419,0,活动互动
5420,0,活动互动
5421,0,活动互动
5422,0,活动互动
5423,0,活动互动
5424,0,活动互动
5425,0,活动互动
5426,0,活动互动
5427,0,活动互动
5428,0,活动互动
5429,0,活动互动
5430,0,活动互动
5431,0,活动互动
5432,0,活动互动
5433,0,活动互动
5434,0,活动互动
5435,0,活动互动
5436,0,活动互动
5437,0,活动互动
5438,0,活动互动
5439,0,活动互动
5440,1,活动互动/沉睡/回流/高活跃
5441,0,活动互动
5442,1,活动互动/沉睡/回流/高活跃
5443,0,活动互动
5444,0,活动互动
5445,0,活动互动
5446,0,活动互动
5447,0,活动互动
5448,0,活动互动
5449,0,活动互动
5450,1,活动互动/沉睡/回流/高活跃
5451,0,活动互动
5452,0,活动互动
5453,0,活动互动
5454,0,活动互动
5455,0,活动互动
5456,0,活动互动
5457,0,活动互动
5458,0,活动互动
5459,0,活动互动
5460,0,活动互动
5461,0,活动互动
5462,0,活动互动
5463,1,活动互动/沉睡/回流/高活跃
5464,0,活动互动
5465,0,活动互动
5466,0,活动互动
5467,0,活动互动
5468,0,活动互动
5469,0,活动互动
5470,0,活动互动
5471,1,活动互动/沉睡/回流/高活跃
5472,0,活动互动
5473,1,活动互动/沉睡/回流/高活跃
5474,0,活动互动
5475,0,活动互动
5476,0,活动互动
5477,0,活动互动
5478,0,活动互动
5479,0,活动互动
5480,0,活动互动
5481,0,活动互动
5482,1,活动互动/沉睡/回流/高活跃
5483,0,活动互动
5484,0,活动互动
5485,0,活动互动
5486,0,活动互动
5487,0,活动互动
5488,0,活动互动
5489,0,活动互动
5490,0,活动互动
5491,0,活动互动
5492,0,活动互动
5493,0,活动互动
5494,0,活动互动
5495,0,活动互动
5496,0,活动互动
5497,0,活动互动
5498,0,活动互动
5499,0,活动互动
5500,0,活动互动
5501,0,活动互动
5502,0,活动互动
5503,0,活动互动
5504,1,活动互动/沉睡/回流/高活跃
5505,0,活动互动
5506,0,活动互动
5507,0,活动互动
5508,1,活动互动/沉睡/回流/高活跃
5509,1,活动互动/沉睡/回流/高活跃
5510,1,活动互动/沉睡/回流/高活跃
5511,1,活动互动/沉睡/回流/高活跃
5512,0,活动互动
5513,0,活动互动
5514,0,活动互动
5515,0,活动互动
5516,0,活动互动
5517,0,活动互动
5518,0,活动互动
5519,0,活动互动
5520,0,活动互动
5521,0,活动互动
5522,0,活动互动
5523,0,活动互动
5524,0,活动互动
5525,0,活动互动
5526,0,活动互动
5527,0,活动互动
5528,0,活动互动
5529,0,活动互动
5530,0,活动互动
5531,0,活动互动
5532,0,活动互动
5533,0,活动互动
5534,0,活动互动
5535,0,活动互动
5536,0,活动互动
5537,0,活动互动
5538,0,活动互动
5539,0,活动互动
5540,0,活动互动
5541,0,活动互动
5542,0,活动互动
5543,0,活动互动
5544,0,活动互动
5545,1,活动互动/沉睡/回流/高活跃
5546,0,活动互动
5547,0,活动互动
5548,0,活动互动
5549,0,活动互动
5550,0,活动互动
5551,0,活动互动
5552,0,活动互动
5553,0,活动互动
5554,0,活动互动
5555,1,活动互动/沉睡/回流/高活跃
5556,1,活动互动/沉睡/回流/高活跃
5557,0,活动互动
5558,1,活动互动/沉睡/回流/高活跃
5559,0,活动互动
5560,0,活动互动
5561,0,活动互动
5562,0,活动互动
5563,1,活动互动/沉睡/回流/高活跃
5564,0,活动互动
5565,0,活动互动
5566,0,活动互动
5567,0,活动互动
5568,0,活动互动
5569,0,活动互动
5570,0,活动互动
5571,0,活动互动
5572,0,活动互动
5573,0,活动互动
5574,1,活动互动/沉睡/回流/高活跃
5575,0,活动互动
5576,0,活动互动
5577,0,活动互动
5578,0,活动互动
5579,0,活动互动
5580,0,活动互动
5581,0,活动互动
5582,0,活动互动
5583,0,活动互动
5584,0,活动互动
5585,0,活动互动
5586,0,活动互动
5587,0,活动互动
5588,1,活动互动/沉睡/回流/高活跃
5589,0,活动互动
5590,0,活动互动
5591,0,活动互动
5592,1,活动互动/沉睡/回流/高活跃
5593,1,活动互动/沉睡/回流/高活跃
5594,0,活动互动
5595,0,活动互动
5596,0,活动互动
5597,0,活动互动
5598,0,活动互动
5599,0,活动互动
5600,0,活动互动
5601,0,活动互动
5602,0,活动互动
5603,0,活动互动
5604,0,活动互动
5605,0,活动互动
5606,0,活动互动
5607,1,活动互动/沉睡/回流/高活跃
5608,0,活动互动
5609,0,活动互动
5610,0,活动互动
5611,0,活动互动
5612,0,活动互动
5613,0,活动互动
5614,0,活动互动
5615,0,活动互动
5616,0,活动互动
5617,0,活动互动
5618,0,活动互动
5619,0,活动互动
5620,0,活动互动
5621,0,活动互动
5622,0,活动互动
5623,0,活动互动
5624,0,活动互动
5625,0,活动互动
5626,0,活动互动
5627,0,活动互动
5628,0,活动互动
5629,0,活动互动
5630,0,活动互动
5631,0,活动互动
5632,0,活动互动
5633,0,活动互动
5634,0,活动互动
5635,0,活动互动
5636,0,活动互动
5637,0,活动互动
5638,1,活动互动/沉睡/回流/高活跃
5639,0,活动互动
5640,1,活动互动/沉睡/回流/高活跃
5641,1,活动互动/沉睡/回流/高活跃
5642,0,活动互动
5643,0,活动互动
5644,0,活动互动
5645,1,活动互动/沉睡/回流/高活跃
5646,0,活动互动
5647,0,活动互动
5648,0,活动互动
5649,1,活动互动/沉睡/回流/高活跃
5650,1,活动互动/沉睡/回流/高活跃
5651,0,活动互动
5652,0,活动互动
5653,0,活动互动
5654,1,活动互动/沉睡/回流/高活跃
5655,0,活动互动
5656,0,活动互动
5657,0,活动互动
5658,1,活动互动/沉睡/回流/高活跃
5659,0,活动互动
5660,0,活动互动
5661,0,活动互动
5662,0,活动互动
5663,1,活动互动/沉睡/回流/高活跃
5664,0,活动互动
5665,0,活动互动
5666,0,活动互动
5667,0,活动互动
5668,0,活动互动
5669,1,活动互动/沉睡/回流/高活跃
5670,1,活动互动/沉睡/回流/高活跃
5671,0,活动互动
5672,0,活动互动
5673,0,活动互动
5674,0,活动互动
5675,0,活动互动
5676,1,活动互动/沉睡/回流/高活跃
5677,1,活动互动/沉睡/回流/高活跃
5678,1,活动互动/沉睡/回流/高活跃
5679,1,活动互动/沉睡/回流/高活跃
5680,1,活动互动/沉睡/回流/高活跃
5681,0,活动互动
5682,1,活动互动/沉睡/回流/高活跃
5683,1,活动互动/沉睡/回流/高活跃
5684,1,活动互动/沉睡/回流/高活跃
5685,1,活动互动/沉睡/回流/高活跃
5686,1,活动互动/沉睡/回流/高活跃
5687,1,活动互动/沉睡/回流/高活跃
5688,0,活动互动
5689,1,活动互动/沉睡/回流/高活跃
5690,1,活动互动/沉睡/回流/高活跃
5691,1,活动互动/沉睡/回流/高活跃
5692,1,活动互动/沉睡/回流/高活跃
5693,1,活动互动/沉睡/回流/高活跃
5694,0,活动互动
5695,0,活动互动
5696,0,活动互动
5697,0,活动互动
5698,1,活动互动/沉睡/回流/高活跃
5699,1,活动互动/沉睡/回流/高活跃
5700,1,活动互动/沉睡/回流/高活跃
5701,1,活动互动/沉睡/回流/高活跃
5702,1,活动互动/沉睡/回流/高活跃
5703,1,活动互动/沉睡/回流/高活跃
5704,1,活动互动/沉睡/回流/高活跃
5705,1,活动互动/沉睡/回流/高活跃
5706,1,活动互动/沉睡/回流/高活跃
5707,1,活动互动/沉睡/回流/高活跃
5708,1,活动互动/沉睡/回流/高活跃
5709,1,活动互动/沉睡/回流/高活跃
5710,1,活动互动/沉睡/回流/高活跃
5711,1,活动互动/沉睡/回流/高活跃
5712,1,活动互动/沉睡/回流/高活跃
5713,1,活动互动/沉睡/回流/高活跃
5714,1,活动互动/沉睡/回流/高活跃
5715,1,活动互动/沉睡/回流/高活跃
5716,1,活动互动/沉睡/回流/高活跃
5717,1,活动互动/沉睡/回流/高活跃
5718,1,活动互动/沉睡/回流/高活跃
5719,1,活动互动/沉睡/回流/高活跃
5720,1,活动互动/沉睡/回流/高活跃
5721,1,活动互动/沉睡/回流/高活跃
5722,1,活动互动/沉睡/回流/高活跃
5723,1,活动互动/沉睡/回流/高活跃
5724,1,活动互动/沉睡/回流/高活跃
5725,1,活动互动/沉睡/回流/高活跃
5726,1,活动互动/沉睡/回流/高活跃
5727,1,活动互动/沉睡/回流/高活跃
5728,1,活动互动/沉睡/回流/高活跃
5729,1,活动互动/沉睡/回流/高活跃
5730,1,活动互动/沉睡/回流/高活跃
5731,1,活动互动/沉睡/回流/高活跃
5732,1,活动互动/沉睡/回流/高活跃
5733,1,活动互动/沉睡/回流/高活跃
5734,1,活动互动/沉睡/回流/高活跃
5735,1,活动互动/沉睡/回流/高活跃
5736,1,活动互动/沉睡/回流/高活跃
5737,1,活动互动/沉睡/回流/高活跃
5738,1,活动互动/沉睡/回流/高活跃
5739,1,活动互动/沉睡/回流/高活跃
5740,1,活动互动/沉睡/回流/高活跃
5741,1,活动互动/沉睡/回流/高活跃
5742,1,活动互动/沉睡/回流/高活跃
5743,1,活动互动/沉睡/回流/高活跃
5744,1,活动互动/沉睡/回流/高活跃
5745,0,活动互动
5746,1,活动互动/沉睡/回流/高活跃
5747,1,活动互动/沉睡/回流/高活跃
5748,0,活动互动
5749,0,活动互动
5750,1,活动互动/沉睡/回流/高活跃
5751,1,活动互动/沉睡/回流/高活跃
5752,0,活动互动
5753,1,活动互动/沉睡/回流/高活跃
5754,1,活动互动/沉睡/回流/高活跃
5755,1,活动互动/沉睡/回流/高活跃
5756,0,活动互动
5757,1,活动互动/沉睡/回流/高活跃
5758,1,活动互动/沉睡/回流/高活跃
5759,1,活动互动/沉睡/回流/高活跃
5760,0,活动互动
5761,1,活动互动/沉睡/回流/高活跃
5762,1,活动互动/沉睡/回流/高活跃
5763,1,活动互动/沉睡/回流/高活跃
5764,1,活动互动/沉睡/回流/高活跃
5765,1,活动互动/沉睡/回流/高活跃
5766,1,活动互动/沉睡/回流/高活跃
5767,1,活动互动/沉睡/回流/高活跃
5768,0,活动互动
5769,1,活动互动/沉睡/回流/高活跃
5770,0,活动互动
5771,1,活动互动/沉睡/回流/高活跃
5772,1,活动互动/沉睡/回流/高活跃
5773,1,活动互动/沉睡/回流/高活跃
5774,1,活动互动/沉睡/回流/高活跃
5775,1,活动互动/沉睡/回流/高活跃
5776,1,活动互动/沉睡/回流/高活跃
5777,1,活动互动/沉睡/回流/高活跃
5778,1,活动互动/沉睡/回流/高活跃
5779,1,活动互动/沉睡/回流/高活跃
5780,1,活动互动/沉睡/回流/高活跃
5781,1,活动互动/沉睡/回流/高活跃
5782,1,活动互动/沉睡/回流/高活跃
5783,1,活动互动/沉睡/回流/高活跃
5784,0,活动互动
5785,1,活动互动/沉睡/回流/高活跃
5786,1,活动互动/沉睡/回流/高活跃
5787,0,活动互动
5788,1,活动互动/沉睡/回流/高活跃
5789,1,活动互动/沉睡/回流/高活跃
5790,0,活动互动
5791,1,活动互动/沉睡/回流/高活跃
5792,0,活动互动
5793,1,活动互动/沉睡/回流/高活跃
5794,1,活动互动/沉睡/回流/高活跃
5795,1,活动互动/沉睡/回流/高活跃
5796,1,活动互动/沉睡/回流/高活跃
5797,1,活动互动/沉睡/回流/高活跃
5798,0,活动互动
5799,1,活动互动/沉睡/回流/高活跃
5800,1,活动互动/沉睡/回流/高活跃
5801,1,活动互动/沉睡/回流/高活跃
5802,1,活动互动/沉睡/回流/高活跃
5803,1,活动互动/沉睡/回流/高活跃
5804,1,活动互动/沉睡/回流/高活跃
5805,1,活动互动/沉睡/回流/高活跃
5806,1,活动互动/沉睡/回流/高活跃
5807,1,活动互动/沉睡/回流/高活跃
5808,0,活动互动
5809,0,活动互动
5810,1,活动互动/沉睡/回流/高活跃
5811,1,活动互动/沉睡/回流/高活跃
5812,0,活动互动
5813,0,活动互动
5814,1,活动互动/沉睡/回流/高活跃
5815,1,活动互动/沉睡/回流/高活跃
5816,1,活动互动/沉睡/回流/高活跃
5817,1,活动互动/沉睡/回流/高活跃
5818,1,活动互动/沉睡/回流/高活跃
5819,1,活动互动/沉睡/回流/高活跃
5820,1,活动互动/沉睡/回流/高活跃
5821,0,活动互动
5822,0,活动互动
5823,1,活动互动/沉睡/回流/高活跃
5824,0,活动互动
5825,0,活动互动
5826,1,活动互动/沉睡/回流/高活跃
5827,1,活动互动/沉睡/回流/高活跃
5828,0,活动互动
5829,0,活动互动
5830,1,活动互动/沉睡/回流/高活跃
5831,1,活动互动/沉睡/回流/高活跃
5832,0,活动互动
5833,0,活动互动
5834,0,活动互动
5835,1,活动互动/沉睡/回流/高活跃
5836,1,活动互动/沉睡/回流/高活跃
5837,1,活动互动/沉睡/回流/高活跃
5838,1,活动互动/沉睡/回流/高活跃
5839,0,活动互动
5840,1,活动互动/沉睡/回流/高活跃
5841,1,活动互动/沉睡/回流/高活跃
5842,0,活动互动
5843,1,活动互动/沉睡/回流/高活跃
5844,0,活动互动
5845,1,活动互动/沉睡/回流/高活跃
5846,1,活动互动/沉睡/回流/高活跃
5847,1,活动互动/沉睡/回流/高活跃
5848,1,活动互动/沉睡/回流/高活跃
5849,1,活动互动/沉睡/回流/高活跃
5850,1,活动互动/沉睡/回流/高活跃
5851,1,活动互动/沉睡/回流/高活跃
5852,0,活动互动
5853,1,活动互动/沉睡/回流/高活跃
5854,1,活动互动/沉睡/回流/高活跃
5855,0,活动互动
5856,1,活动互动/沉睡/回流/高活跃
5857,0,活动互动
5858,1,活动互动/沉睡/回流/高活跃
5859,1,活动互动/沉睡/回流/高活跃
5860,1,活动互动/沉睡/回流/高活跃
5861,1,活动互动/沉睡/回流/高活跃
5862,0,活动互动
5863,0,活动互动
5864,0,活动互动
5865,0,活动互动
5866,1,活动互动/沉睡/回流/高活跃
5867,0,活动互动
5868,0,活动互动
5869,0,活动互动
5870,0,活动互动
5871,1,活动互动/沉睡/回流/高活跃
5872,0,活动互动
5873,0,活动互动
5874,0,活动互动
5875,0,活动互动
5876,0,活动互动
5877,0,活动互动
5878,1,活动互动/沉睡/回流/高活跃
5879,0,活动互动
5880,1,活动互动/沉睡/回流/高活跃
5881,0,活动互动
5882,1,活动互动/沉睡/回流/高活跃
5883,0,活动互动
5884,1,活动互动/沉睡/回流/高活跃
5885,1,活动互动/沉睡/回流/高活跃
5886,0,活动互动
5887,1,活动互动/沉睡/回流/高活跃
5888,1,活动互动/沉睡/回流/高活跃
5889,1,活动互动/沉睡/回流/高活跃
5890,1,活动互动/沉睡/回流/高活跃
5891,0,活动互动
5892,1,活动互动/沉睡/回流/高活跃
5893,0,活动互动
5894,0,活动互动
5895,0,活动互动
5896,0,活动互动
5897,1,活动互动/沉睡/回流/高活跃
5898,1,活动互动/沉睡/回流/高活跃
5899,0,活动互动
5900,0,活动互动
5901,0,活动互动
5902,1,活动互动/沉睡/回流/高活跃
5903,0,活动互动
5904,1,活动互动/沉睡/回流/高活跃
5905,1,活动互动/沉睡/回流/高活跃
5906,0,活动互动
5907,0,活动互动
5908,0,活动互动
5909,0,活动互动
5910,0,活动互动
5911,1,活动互动/沉睡/回流/高活跃
5912,0,活动互动
5913,0,活动互动
5914,1,活动互动/沉睡/回流/高活跃
5915,1,活动互动/沉睡/回流/高活跃
5916,1,活动互动/沉睡/回流/高活跃
5917,0,活动互动
5918,0,活动互动
5919,0,活动互动
5920,0,活动互动
5921,0,活动互动
5922,0,活动互动
5923,0,活动互动
5924,1,活动互动/沉睡/回流/高活跃
5925,0,活动互动
5926,1,活动互动/沉睡/回流/高活跃
5927,0,活动互动
5928,0,活动互动
5929,0,活动互动
5930,0,活动互动
5931,0,活动互动
5932,0,活动互动
5933,0,活动互动
5934,0,活动互动
5935,0,活动互动
5936,0,活动互动
5937,0,活动互动
5938,0,活动互动
5939,0,活动互动
5940,1,活动互动/沉睡/回流/高活跃
5941,0,活动互动
5942,0,活动互动
5943,0,活动互动
5944,0,活动互动
5945,0,活动互动
5946,0,活动互动
5947,1,活动互动/沉睡/回流/高活跃
5948,0,活动互动
5949,0,活动互动
5950,1,活动互动/沉睡/回流/高活跃
5951,0,活动互动
5952,0,活动互动
5953,0,活动互动
5954,0,活动互动
5955,0,活动互动
5956,0,活动互动
5957,0,活动互动
5958,1,活动互动/沉睡/回流/高活跃
5959,1,活动互动/沉睡/回流/高活跃
5960,0,活动互动
5961,0,活动互动
5962,0,活动互动
5963,0,活动互动
5964,0,活动互动
5965,1,活动互动/沉睡/回流/高活跃
5966,0,活动互动
5967,0,活动互动
5968,0,活动互动
5969,0,活动互动
5970,0,活动互动
5971,0,活动互动
5972,0,活动互动
5973,0,活动互动
5974,0,活动互动
5975,0,活动互动
5976,0,活动互动
5977,0,活动互动
5978,0,活动互动
5979,0,活动互动
5980,0,活动互动
5981,0,活动互动
5982,0,活动互动
5983,0,活动互动
5984,0,活动互动
5985,0,活动互动
5986,0,活动互动
5987,0,活动互动
5988,0,活动互动
5989,0,活动互动
5990,1,活动互动/沉睡/回流/高活跃
5991,0,活动互动
5992,0,活动互动
5993,0,活动互动
5994,0,活动互动
5995,0,活动互动
5996,0,活动互动
5997,0,活动互动
5998,0,活动互动
5999,0,活动互动
6000,0,活动互动
6001,0,活动互动
6002,0,活动互动
6003,0,活动互动
6004,0,活动互动
6005,0,活动互动
6006,0,活动互动
6007,1,活动互动/沉睡/回流/高活跃
6008,0,活动互动
6009,0,活动互动
6010,0,活动互动
6011,0,活动互动
6012,0,活动互动
6013,0,活动互动
6014,0,活动互动
6015,0,活动互动
6016,0,活动互动
6017,0,活动互动
6018,0,活动互动
6019,0,活动互动
6020,0,活动互动
6021,0,活动互动
6022,0,活动互动
6023,0,活动互动
6024,0,活动互动
6025,0,活动互动
6026,0,活动互动
6027,0,活动互动
6028,0,活动互动
6029,0,活动互动
6030,0,活动互动
6031,0,活动互动
6032,0,活动互动
6033,0,活动互动
6034,0,活动互动
6035,0,活动互动
6036,0,活动互动
6037,0,活动互动
6038,0,活动互动
6039,0,活动互动
6040,0,活动互动
6041,0,活动互动
6042,0,活动互动
6043,0,活动互动
6044,0,活动互动
6045,0,活动互动
6046,0,活动互动
6047,0,活动互动
6048,0,活动互动
6049,1,活动互动/沉睡/回流/高活跃
6050,0,活动互动
6051,0,活动互动
6052,0,活动互动
6053,0,活动互动
6054,0,活动互动
6055,0,活动互动
6056,0,活动互动
6057,0,活动互动
6058,0,活动互动
6059,0,活动互动
6060,0,活动互动
6061,0,活动互动
6062,0,活动互动
6063,1,活动互动/沉睡/回流/高活跃
6064,0,活动互动
6065,0,活动互动
6066,0,活动互动
6067,0,活动互动
6068,0,活动互动
6069,0,活动互动
6070,0,活动互动
6071,0,活动互动
6072,0,活动互动
6073,0,活动互动
6074,1,活动互动/沉睡/回流/高活跃
6075,0,活动互动
6076,0,活动互动
6077,0,活动互动
6078,0,活动互动
6079,0,活动互动
6080,0,活动互动
6081,0,活动互动
6082,0,活动互动
6083,0,活动互动
6084,0,活动互动
6085,0,活动互动
6086,0,活动互动
6087,0,活动互动
6088,0,活动互动
6089,0,活动互动
6090,0,活动互动
6091,0,活动互动
6092,0,活动互动
6093,0,活动互动
6094,0,活动互动
6095,0,活动互动
6096,0,活动互动
6097,0,活动互动
6098,0,活动互动
6099,0,活动互动
6100,0,活动互动
6101,0,活动互动
6102,0,活动互动
6103,0,活动互动
6104,0,活动互动
6105,0,活动互动
6106,0,活动互动
6107,0,活动互动
6108,0,活动互动
6109,0,活动互动
6110,0,活动互动
6111,0,活动互动
6112,0,活动互动
6113,0,活动互动
6114,0,活动互动
6115,0,活动互动
6116,0,活动互动
6117,0,活动互动
6118,0,活动互动
6119,0,活动互动
6120,1,活动互动/沉睡/回流/高活跃
6121,0,活动互动
6122,0,活动互动
6123,0,活动互动
6124,0,活动互动
6125,0,活动互动
6126,0,活动互动
6127,0,活动互动
6128,0,活动互动
6129,0,活动互动
6130,0,活动互动
6131,0,活动互动
6132,0,活动互动
6133,0,活动互动
6134,1,活动互动/沉睡/回流/高活跃
6135,0,活动互动
6136,0,活动互动
6137,0,活动互动
6138,0,活动互动
6139,0,活动互动
6140,0,活动互动
6141,0,活动互动
6142,0,活动互动
6143,0,活动互动
6144,0,活动互动
6145,0,活动互动
6146,0,活动互动
6147,0,活动互动
6148,0,活动互动
6149,0,活动互动
6150,0,活动互动
6151,0,活动互动
6152,0,活动互动
6153,0,活动互动
6154,0,活动互动
6155,0,活动互动
6156,0,活动互动
6157,0,活动互动
6158,0,活动互动
6159,0,活动互动
6160,0,活动互动
6161,1,活动互动/沉睡/回流/高活跃
6162,0,活动互动
6163,0,活动互动
6164,0,活动互动
6165,1,活动互动/沉睡/回流/高活跃
6166,0,活动互动
6167,0,活动互动
6168,0,活动互动
6169,0,活动互动
6170,1,活动互动/沉睡/回流/高活跃
6171,0,活动互动
6172,0,活动互动
6173,0,活动互动
6174,1,活动互动/沉睡/回流/高活跃
6175,1,活动互动/沉睡/回流/高活跃
6176,0,活动互动
6177,0,活动互动
6178,0,活动互动
6179,0,活动互动
6180,0,活动互动
6181,0,活动互动
6182,0,活动互动
6183,0,活动互动
6184,1,活动互动/沉睡/回流/高活跃
6185,0,活动互动
6186,0,活动互动
6187,0,活动互动
6188,0,活动互动
6189,0,活动互动
6190,0,活动互动
6191,0,活动互动
6192,0,活动互动
6193,0,活动互动
6194,0,活动互动
6195,0,活动互动
6196,0,活动互动
6197,0,活动互动
6198,1,活动互动/沉睡/回流/高活跃
6199,0,活动互动
6200,0,活动互动
6201,0,活动互动
6202,0,活动互动
6203,0,活动互动
6204,0,活动互动
6205,0,活动互动
6206,0,活动互动
6207,0,活动互动
6208,0,活动互动
6209,0,活动互动
6210,0,活动互动
6211,0,活动互动
6212,0,活动互动
6213,0,活动互动
6214,0,活动互动
6215,0,活动互动
6216,0,活动互动
6217,1,活动互动/沉睡/回流/高活跃
6218,0,活动互动
6219,0,活动互动
6220,0,活动互动
6221,0,活动互动
6222,0,活动互动
6223,1,活动互动/沉睡/回流/高活跃
6224,0,活动互动
6225,0,活动互动
6226,0,活动互动
6227,0,活动互动
6228,0,活动互动
6229,0,活动互动
6230,0,活动互动
6231,0,活动互动
6232,0,活动互动
6233,0,活动互动
6234,0,活动互动
6235,1,活动互动/沉睡/回流/高活跃
6236,0,活动互动
6237,0,活动互动
6238,0,活动互动
6239,0,活动互动
6240,0,活动互动
6241,0,活动互动
6242,0,活动互动
6243,0,活动互动
6244,0,活动互动
6245,0,活动互动
6246,0,活动互动
6247,0,活动互动
6248,0,活动互动
6249,0,活动互动
6250,0,活动互动
6251,0,活动互动
6252,0,活动互动
6253,0,活动互动
6254,0,活动互动
6255,0,活动互动
6256,0,活动互动
6257,0,活动互动
6258,0,活动互动
6259,0,活动互动
6260,0,活动互动
6261,0,活动互动
6262,0,活动互动
6263,0,活动互动
6264,0,活动互动
6265,0,活动互动
6266,0,活动互动
6267,0,活动互动
6268,0,活动互动
6269,0,活动互动
6270,0,活动互动
6271,0,活动互动
6272,0,活动互动
6273,0,活动互动
6274,0,活动互动
6275,0,活动互动
6276,0,活动互动
6277,1,活动互动/沉睡/回流/高活跃
6278,0,活动互动
6279,0,活动互动
6280,0,活动互动
6281,0,活动互动
6282,0,活动互动
6283,0,活动互动
6284,0,活动互动
6285,0,活动互动
6286,1,活动互动/沉睡/回流/高活跃
6287,0,活动互动
6288,0,活动互动
6289,0,活动互动
6290,0,活动互动
6291,0,活动互动
6292,0,活动互动
6293,0,活动互动
6294,0,活动互动
6295,0,活动互动
6296,1,活动互动/沉睡/回流/高活跃
6297,0,活动互动
6298,0,活动互动
6299,0,活动互动
6300,0,活动互动
6301,1,活动互动/沉睡/回流/高活跃
6302,1,活动互动/沉睡/回流/高活跃
6303,1,活动互动/沉睡/回流/高活跃
6304,0,活动互动
6305,0,活动互动
6306,0,活动互动
6307,0,活动互动
6308,0,活动互动
6309,0,活动互动
6310,0,活动互动
6311,0,活动互动
6312,0,活动互动
6313,0,活动互动
6314,0,活动互动
6315,0,活动互动
6316,0,活动互动
6317,0,活动互动
6318,0,活动互动
6319,0,活动互动
6320,0,活动互动
6321,0,活动互动
6322,0,活动互动
6323,0,活动互动
6324,0,活动互动
6325,0,活动互动
6326,0,活动互动
6327,0,活动互动
6328,0,活动互动
6329,0,活动互动
6330,0,活动互动
6331,0,活动互动
6332,1,活动互动/沉睡/回流/高活跃
6333,0,活动互动
6334,0,活动互动
6335,0,活动互动
6336,0,活动互动
6337,0,活动互动
6338,0,活动互动
6339,0,活动互动
6340,0,活动互动
6341,0,活动互动
6342,0,活动互动
6343,0,活动互动
6344,0,活动互动
6345,0,活动互动
6346,0,活动互动
6347,0,活动互动
6348,0,活动互动
6349,0,活动互动
6350,0,活动互动
6351,0,活动互动
6352,0,活动互动
6353,1,活动互动/沉睡/回流/高活跃
6354,0,活动互动
6355,0,活动互动
6356,0,活动互动
6357,0,活动互动
6358,0,活动互动
6359,0,活动互动
6360,0,活动互动
6361,0,活动互动
6362,0,活动互动
6363,0,活动互动
6364,0,活动互动
6365,0,活动互动
6366,1,活动互动/沉睡/回流/高活跃
6367,0,活动互动
6368,0,活动互动
6369,0,活动互动
6370,0,活动互动
6371,1,活动互动/沉睡/回流/高活跃
6372,0,活动互动
6373,0,活动互动
6374,0,活动互动
6375,0,活动互动
6376,0,活动互动
6377,0,活动互动
6378,0,活动互动
6379,0,活动互动
6380,0,活动互动
6381,0,活动互动
6382,0,活动互动
6383,1,活动互动/沉睡/回流/高活跃
6384,0,活动互动
6385,0,活动互动
6386,0,活动互动
6387,0,活动互动
6388,1,活动互动/沉睡/回流/高活跃
6389,0,活动互动
6390,0,活动互动
6391,0,活动互动
6392,0,活动互动
6393,0,活动互动
6394,0,活动互动
6395,1,活动互动/沉睡/回流/高活跃
6396,0,活动互动
6397,0,活动互动
6398,0,活动互动
6399,0,活动互动
6400,0,活动互动
6401,0,活动互动
6402,0,活动互动
6403,0,活动互动
6404,0,活动互动
6405,0,活动互动
6406,0,活动互动
6407,0,活动互动
6408,0,活动互动
6409,0,活动互动
6410,0,活动互动
6411,0,活动互动
6412,1,活动互动/沉睡/回流/高活跃
6413,0,活动互动
6414,0,活动互动
6415,0,活动互动
6416,0,活动互动
6417,0,活动互动
6418,0,活动互动
6419,0,活动互动
6420,0,活动互动
6421,0,活动互动
6422,0,活动互动
6423,0,活动互动
6424,0,活动互动
6425,0,活动互动
6426,0,活动互动
6427,0,活动互动
6428,1,活动互动/沉睡/回流/高活跃
6429,0,活动互动
6430,0,活动互动
6431,0,活动互动
6432,0,活动互动
6433,0,活动互动
6434,0,活动互动
6435,0,活动互动
6436,0,活动互动
6437,0,活动互动
6438,0,活动互动
6439,0,活动互动
6440,1,活动互动/沉睡/回流/高活跃
6441,0,活动互动
6442,0,活动互动
6443,1,活动互动/沉睡/回流/高活跃
6444,0,活动互动
6445,0,活动互动
6446,0,活动互动
6447,0,活动互动
6448,0,活动互动
6449,0,活动互动
6450,0,活动互动
6451,0,活动互动
6452,0,活动互动
6453,0,活动互动
6454,0,活动互动
6455,0,活动互动
6456,0,活动互动
6457,0,活动互动
6458,1,活动互动/沉睡/回流/高活跃
6459,1,活动互动/沉睡/回流/高活跃
6460,0,活动互动
6461,1,活动互动/沉睡/回流/高活跃
6462,1,活动互动/沉睡/回流/高活跃
6463,0,活动互动
6464,0,活动互动
6465,0,活动互动
6466,0,活动互动
6467,0,活动互动
6468,0,活动互动
6469,0,活动互动
6470,0,活动互动
6471,1,活动互动/沉睡/回流/高活跃
6472,1,活动互动/沉睡/回流/高活跃
6473,1,活动互动/沉睡/回流/高活跃
6474,0,活动互动
6475,1,活动互动/沉睡/回流/高活跃
6476,0,活动互动
6477,0,活动互动
6478,0,活动互动
6479,0,活动互动
6480,1,活动互动/沉睡/回流/高活跃
6481,1,活动互动/沉睡/回流/高活跃
6482,0,活动互动
6483,1,活动互动/沉睡/回流/高活跃
6484,0,活动互动
6485,0,活动互动
6486,1,活动互动/沉睡/回流/高活跃
6487,1,活动互动/沉睡/回流/高活跃
6488,0,活动互动
6489,1,活动互动/沉睡/回流/高活跃
6490,0,活动互动
6491,1,活动互动/沉睡/回流/高活跃
6492,1,活动互动/沉睡/回流/高活跃
6493,0,活动互动
6494,0,活动互动
6495,0,活动互动
6496,0,活动互动
6497,1,活动互动/沉睡/回流/高活跃
6498,1,活动互动/沉睡/回流/高活跃
6499,0,活动互动
6500,0,活动互动
6501,0,活动互动
6502,0,活动互动
6503,0,活动互动
6504,1,活动互动/沉睡/回流/高活跃
6505,0,活动互动
6506,0,活动互动
6507,0,活动互动
6508,0,活动互动
6509,0,活动互动
6510,0,活动互动
6511,0,活动互动
6512,0,活动互动
6513,0,活动互动
6514,0,活动互动
6515,0,活动互动
6516,1,活动互动/沉睡/回流/高活跃
6517,0,活动互动
6518,0,活动互动
6519,0,活动互动
6520,0,活动互动
6521,0,活动互动
6522,0,活动互动
6523,0,活动互动
6524,0,活动互动
6525,0,活动互动
6526,0,活动互动
6527,1,活动互动/沉睡/回流/高活跃
6528,1,活动互动/沉睡/回流/高活跃
6529,0,活动互动
6530,0,活动互动
6531,0,活动互动
6532,0,活动互动
6533,0,活动互动
6534,0,活动互动
6535,0,活动互动
6536,0,活动互动
6537,0,活动互动
6538,0,活动互动
6539,0,活动互动
6540,1,活动互动/沉睡/回流/高活跃
6541,0,活动互动
6542,0,活动互动
6543,0,活动互动
6544,0,活动互动
6545,0,活动互动
6546,0,活动互动
6547,0,活动互动
6548,0,活动互动
6549,0,活动互动
6550,0,活动互动
6551,0,活动互动
6552,0,活动互动
6553,0,活动互动
6554,0,活动互动
6555,0,活动互动
6556,0,活动互动
6557,0,活动互动
6558,0,活动互动
6559,0,活动互动
6560,0,活动互动
6561,0,活动互动
6562,1,活动互动/沉睡/回流/高活跃
6563,0,活动互动
6564,0,活动互动
6565,0,活动互动
6566,0,活动互动
6567,0,活动互动
6568,0,活动互动
6569,0,活动互动
6570,1,活动互动/沉睡/回流/高活跃
6571,0,活动互动
6572,0,活动互动
6573,0,活动互动
6574,0,活动互动
6575,0,活动互动
6576,0,活动互动
6577,0,活动互动
6578,0,活动互动
6579,0,活动互动
6580,1,活动互动/沉睡/回流/高活跃
6581,0,活动互动
6582,0,活动互动
6583,1,活动互动/沉睡/回流/高活跃
6584,0,活动互动
6585,0,活动互动
6586,0,活动互动
6587,0,活动互动
6588,0,活动互动
6589,0,活动互动
6590,0,活动互动
6591,0,活动互动
6592,1,活动互动/沉睡/回流/高活跃
6593,0,活动互动
6594,0,活动互动
6595,0,活动互动
6596,0,活动互动
6597,0,活动互动
6598,1,活动互动/沉睡/回流/高活跃
6599,0,活动互动
6600,0,活动互动
6601,0,活动互动
6602,0,活动互动
6603,0,活动互动
6604,0,活动互动
6605,0,活动互动
6606,0,活动互动
6607,0,活动互动
6608,0,活动互动
6609,0,活动互动
6610,0,活动互动
6611,0,活动互动
6612,0,活动互动
6613,0,活动互动
6614,0,活动互动
6615,0,活动互动
6616,0,活动互动
6617,0,活动互动
6618,0,活动互动
6619,0,活动互动
6620,0,活动互动
6621,0,活动互动
6622,0,活动互动
6623,0,活动互动
6624,0,活动互动
6625,0,活动互动
6626,0,活动互动
6627,0,活动互动
6628,0,活动互动
6629,0,活动互动
6630,0,活动互动
6631,0,活动互动
6632,0,活动互动
6633,0,活动互动
6634,0,活动互动
6635,0,活动互动
6636,0,活动互动
6637,0,活动互动
6638,0,活动互动
6639,0,活动互动
6640,0,活动互动
6641,0,活动互动
6642,0,活动互动
6643,0,活动互动
6644,0,活动互动
6645,0,活动互动
6646,0,活动互动
6647,0,活动互动
6648,0,活动互动
6649,0,活动互动
6650,1,活动互动/沉睡/回流/高活跃
6651,0,活动互动
6652,0,活动互动
6653,0,活动互动
6654,0,活动互动
6655,0,活动互动
6656,1,活动互动/沉睡/回流/高活跃
6657,0,活动互动
6658,0,活动互动
6659,1,活动互动/沉睡/回流/高活跃
6660,0,活动互动
6661,0,活动互动
6662,0,活动互动
6663,0,活动互动
6664,0,活动互动
6665,0,活动互动
6666,0,活动互动
6667,0,活动互动
6668,0,活动互动
6669,0,活动互动
6670,0,活动互动
6671,0,活动互动
6672,0,活动互动
6673,0,活动互动
6674,0,活动互动
6675,0,活动互动
6676,0,活动互动
6677,0,活动互动
6678,0,活动互动
6679,0,活动互动
6680,0,活动互动
6681,0,活动互动
6682,0,活动互动
6683,1,活动互动/沉睡/回流/高活跃
6684,0,活动互动
6685,0,活动互动
6686,0,活动互动
6687,0,活动互动
6688,0,活动互动
6689,0,活动互动
6690,1,活动互动/沉睡/回流/高活跃
6691,0,活动互动
6692,0,活动互动
6693,0,活动互动
6694,0,活动互动
6695,0,活动互动
6696,0,活动互动
6697,0,活动互动
6698,0,活动互动
6699,0,活动互动
6700,0,活动互动
6701,0,活动互动
6702,0,活动互动
6703,0,活动互动
6704,1,活动互动/沉睡/回流/高活跃
6705,0,活动互动
6706,0,活动互动
6707,0,活动互动
6708,0,活动互动
6709,0,活动互动
6710,0,活动互动
6711,0,活动互动
6712,0,活动互动
6713,0,活动互动
6714,0,活动互动
6715,0,活动互动
6716,0,活动互动
6717,0,活动互动
6718,0,活动互动
6719,0,活动互动
6720,0,活动互动
6721,0,活动互动
6722,0,活动互动
6723,1,活动互动/沉睡/回流/高活跃
6724,0,活动互动
6725,0,活动互动
6726,0,活动互动
6727,0,活动互动
6728,0,活动互动
6729,1,活动互动/沉睡/回流/高活跃
6730,1,活动互动/沉睡/回流/高活跃
6731,0,活动互动
6732,0,活动互动
6733,0,活动互动
6734,1,活动互动/沉睡/回流/高活跃
6735,0,活动互动
6736,0,活动互动
6737,0,活动互动
6738,0,活动互动
6739,0,活动互动
6740,0,活动互动
6741,0,活动互动
6742,0,活动互动
6743,0,活动互动
6744,0,活动互动
6745,0,活动互动
6746,1,活动互动/沉睡/回流/高活跃
6747,0,活动互动
6748,0,活动互动
6749,0,活动互动
6750,0,活动互动
6751,0,活动互动
6752,0,活动互动
6753,0,活动互动
6754,1,活动互动/沉睡/回流/高活跃
6755,0,活动互动
6756,0,活动互动
6757,0,活动互动
6758,0,活动互动
6759,0,活动互动
6760,0,活动互动
6761,0,活动互动
6762,0,活动互动
6763,0,活动互动
6764,0,活动互动
6765,0,活动互动
6766,1,活动互动/沉睡/回流/高活跃
6767,0,活动互动
6768,0,活动互动
6769,0,活动互动
6770,0,活动互动
6771,0,活动互动
6772,0,活动互动
6773,0,活动互动
6774,0,活动互动
6775,0,活动互动
6776,0,活动互动
6777,0,活动互动
6778,0,活动互动
6779,0,活动互动
6780,0,活动互动
6781,0,活动互动
6782,0,活动互动
6783,0,活动互动
6784,0,活动互动
6785,0,活动互动
6786,0,活动互动
6787,0,活动互动
6788,0,活动互动
6789,0,活动互动
6790,0,活动互动
6791,0,活动互动
6792,0,活动互动
6793,0,活动互动
6794,0,活动互动
6795,0,活动互动
6796,0,活动互动
6797,0,活动互动
6798,0,活动互动
6799,0,活动互动
6800,0,活动互动
6801,0,活动互动
6802,1,活动互动/沉睡/回流/高活跃
6803,0,活动互动
6804,0,活动互动
6805,0,活动互动
6806,0,活动互动
6807,0,活动互动
6808,0,活动互动
6809,0,活动互动
6810,0,活动互动
6811,0,活动互动
6812,0,活动互动
6813,0,活动互动
6814,0,活动互动
6815,0,活动互动
6816,0,活动互动
6817,0,活动互动
6818,0,活动互动
6819,0,活动互动
6820,1,活动互动/沉睡/回流/高活跃
6821,0,活动互动
6822,0,活动互动
6823,0,活动互动
6824,0,活动互动
6825,0,活动互动
6826,0,活动互动
6827,0,活动互动
6828,0,活动互动
6829,0,活动互动
6830,0,活动互动
6831,0,活动互动
6832,0,活动互动
6833,0,活动互动
6834,0,活动互动
6835,0,活动互动
6836,0,活动互动
6837,0,活动互动
6838,0,活动互动
6839,0,活动互动
6840,1,活动互动/沉睡/回流/高活跃
6841,0,活动互动
6842,0,活动互动
6843,0,活动互动
6844,0,活动互动
6845,0,活动互动
6846,0,活动互动
6847,1,活动互动/沉睡/回流/高活跃
6848,0,活动互动
6849,0,活动互动
6850,0,活动互动
6851,0,活动互动
6852,0,活动互动
6853,0,活动互动
6854,0,活动互动
6855,0,活动互动
6856,0,活动互动
6857,0,活动互动
6858,0,活动互动
6859,0,活动互动
6860,1,活动互动/沉睡/回流/高活跃
6861,0,活动互动
6862,0,活动互动
6863,0,活动互动
6864,0,活动互动
6865,0,活动互动
6866,0,活动互动
6867,0,活动互动
6868,0,活动互动
6869,0,活动互动
6870,0,活动互动
6871,0,活动互动
6872,1,活动互动/沉睡/回流/高活跃
6873,0,活动互动
6874,0,活动互动
6875,1,活动互动/沉睡/回流/高活跃
6876,0,活动互动
6877,0,活动互动
6878,0,活动互动
6879,0,活动互动
6880,0,活动互动
6881,0,活动互动
6882,0,活动互动
6883,0,活动互动
6884,0,活动互动
6885,0,活动互动
6886,1,活动互动/沉睡/回流/高活跃
6887,0,活动互动
6888,0,活动互动
6889,0,活动互动
6890,0,活动互动
6891,0,活动互动
6892,0,活动互动
6893,0,活动互动
6894,0,活动互动
6895,0,活动互动
6896,1,活动互动/沉睡/回流/高活跃
6897,0,活动互动
6898,0,活动互动
6899,1,活动互动/沉睡/回流/高活跃
6900,0,活动互动
6901,0,活动互动
6902,0,活动互动
6903,0,活动互动
6904,0,活动互动
6905,0,活动互动
6906,0,活动互动
6907,0,活动互动
6908,0,活动互动
6909,0,活动互动
6910,0,活动互动
6911,0,活动互动
6912,0,活动互动
6913,0,活动互动
6914,0,活动互动
6915,0,活动互动
6916,0,活动互动
6917,0,活动互动
6918,0,活动互动
6919,1,活动互动/沉睡/回流/高活跃
6920,0,活动互动
6921,0,活动互动
6922,0,活动互动
6923,0,活动互动
6924,0,活动互动
6925,0,活动互动
6926,0,活动互动
6927,0,活动互动
6928,0,活动互动
6929,0,活动互动
6930,0,活动互动
6931,0,活动互动
6932,0,活动互动
6933,0,活动互动
6934,1,活动互动/沉睡/回流/高活跃
6935,0,活动互动
6936,0,活动互动
6937,1,活动互动/沉睡/回流/高活跃
6938,0,活动互动
6939,0,活动互动
6940,0,活动互动
6941,0,活动互动
6942,0,活动互动
6943,0,活动互动
6944,0,活动互动
6945,0,活动互动
6946,0,活动互动
6947,0,活动互动
6948,0,活动互动
6949,0,活动互动
6950,0,活动互动
6951,0,活动互动
6952,0,活动互动
6953,0,活动互动
6954,0,活动互动
6955,0,活动互动
6956,0,活动互动
6957,0,活动互动
6958,0,活动互动
6959,1,活动互动/沉睡/回流/高活跃
6960,0,活动互动
6961,0,活动互动
6962,0,活动互动
6963,0,活动互动
6964,0,活动互动
6965,1,活动互动/沉睡/回流/高活跃
6966,0,活动互动
6967,0,活动互动
6968,0,活动互动
6969,0,活动互动
6970,0,活动互动
6971,0,活动互动
6972,0,活动互动
6973,0,活动互动
6974,0,活动互动
6975,0,活动互动
6976,0,活动互动
6977,0,活动互动
6978,1,活动互动/沉睡/回流/高活跃
6979,0,活动互动
6980,0,活动互动
6981,0,活动互动
6982,0,活动互动
6983,0,活动互动
6984,0,活动互动
6985,0,活动互动
6986,0,活动互动
6987,0,活动互动
6988,0,活动互动
6989,0,活动互动
6990,0,活动互动
6991,0,活动互动
6992,0,活动互动
6993,0,活动互动
6994,0,活动互动
6995,0,活动互动
6996,0,活动互动
6997,0,活动互动
6998,0,活动互动
6999,0,活动互动
7000,0,活动互动
7001,0,活动互动
7002,0,活动互动
7003,0,活动互动
7004,0,活动互动
7005,0,活动互动
7006,0,活动互动
7007,0,活动互动
7008,0,活动互动
7009,0,活动互动
7010,0,活动互动
7011,0,活动互动
7012,0,活动互动
7013,0,活动互动
7014,0,活动互动
7015,0,活动互动
7016,0,活动互动
7017,1,活动互动/沉睡/回流/高活跃
7018,0,活动互动
7019,0,活动互动
7020,0,活动互动
7021,0,活动互动
7022,1,活动互动/沉睡/回流/高活跃
7023,0,活动互动
7024,0,活动互动
7025,0,活动互动
7026,0,活动互动
7027,0,活动互动
7028,0,活动互动
7029,0,活动互动
7030,0,活动互动
7031,0,活动互动
7032,1,活动互动/沉睡/回流/高活跃
7033,1,活动互动/沉睡/回流/高活跃
7034,0,活动互动
7035,0,活动互动
7036,0,活动互动
7037,0,活动互动
7038,0,活动互动
7039,0,活动互动
7040,0,活动互动
7041,1,活动互动/沉睡/回流/高活跃
7042,0,活动互动
7043,0,活动互动
7044,1,活动互动/沉睡/回流/高活跃
7045,1,活动互动/沉睡/回流/高活跃
7046,0,活动互动
7047,0,活动互动
7048,1,活动互动/沉睡/回流/高活跃
7049,0,活动互动
7050,1,活动互动/沉睡/回流/高活跃
7051,1,活动互动/沉睡/回流/高活跃
7052,1,活动互动/沉睡/回流/高活跃
7053,1,活动互动/沉睡/回流/高活跃
7054,1,活动互动/沉睡/回流/高活跃
7055,0,活动互动
7056,0,活动互动
7057,1,活动互动/沉睡/回流/高活跃
7058,0,活动互动
7059,0,活动互动
7060,1,活动互动/沉睡/回流/高活跃
7061,1,活动互动/沉睡/回流/高活跃
7062,0,活动互动
7063,0,活动互动
7064,0,活动互动
7065,1,活动互动/沉睡/回流/高活跃
7066,1,活动互动/沉睡/回流/高活跃
7067,0,活动互动
7068,1,活动互动/沉睡/回流/高活跃
7069,1,活动互动/沉睡/回流/高活跃
7070,1,活动互动/沉睡/回流/高活跃
7071,0,活动互动
7072,1,活动互动/沉睡/回流/高活跃
7073,0,活动互动
7074,1,活动互动/沉睡/回流/高活跃
7075,1,活动互动/沉睡/回流/高活跃
7076,1,活动互动/沉睡/回流/高活跃
7077,1,活动互动/沉睡/回流/高活跃
7078,1,活动互动/沉睡/回流/高活跃
7079,0,活动互动
7080,1,活动互动/沉睡/回流/高活跃
7081,0,活动互动
7082,0,活动互动
7083,1,活动互动/沉睡/回流/高活跃
7084,1,活动互动/沉睡/回流/高活跃
7085,0,活动互动
7086,1,活动互动/沉睡/回流/高活跃
7087,1,活动互动/沉睡/回流/高活跃
7088,1,活动互动/沉睡/回流/高活跃
7089,0,活动互动
7090,1,活动互动/沉睡/回流/高活跃
7091,1,活动互动/沉睡/回流/高活跃
7092,1,活动互动/沉睡/回流/高活跃
7093,1,活动互动/沉睡/回流/高活跃
7094,1,活动互动/沉睡/回流/高活跃
7095,1,活动互动/沉睡/回流/高活跃
7096,1,活动互动/沉睡/回流/高活跃
7097,0,活动互动
7098,1,活动互动/沉睡/回流/高活跃
7099,1,活动互动/沉睡/回流/高活跃
7100,0,活动互动
7101,1,活动互动/沉睡/回流/高活跃
7102,1,活动互动/沉睡/回流/高活跃
7103,0,活动互动
7104,1,活动互动/沉睡/回流/高活跃
7105,1,活动互动/沉睡/回流/高活跃
7106,1,活动互动/沉睡/回流/高活跃
7107,1,活动互动/沉睡/回流/高活跃
7108,0,活动互动
7109,0,活动互动
7110,1,活动互动/沉睡/回流/高活跃
7111,1,活动互动/沉睡/回流/高活跃
7112,1,活动互动/沉睡/回流/高活跃
7113,1,活动互动/沉睡/回流/高活跃
7114,1,活动互动/沉睡/回流/高活跃
7115,1,活动互动/沉睡/回流/高活跃
7116,0,活动互动
7117,1,活动互动/沉睡/回流/高活跃
7118,1,活动互动/沉睡/回流/高活跃
7119,1,活动互动/沉睡/回流/高活跃
7120,0,活动互动
7121,1,活动互动/沉睡/回流/高活跃
7122,1,活动互动/沉睡/回流/高活跃
7123,0,活动互动
7124,1,活动互动/沉睡/回流/高活跃
7125,0,活动互动
7126,1,活动互动/沉睡/回流/高活跃
7127,1,活动互动/沉睡/回流/高活跃
7128,0,活动互动
7129,0,活动互动
7130,0,活动互动
7131,0,活动互动
7132,0,活动互动
7133,0,活动互动
7134,1,活动互动/沉睡/回流/高活跃
7135,1,活动互动/沉睡/回流/高活跃
7136,0,活动互动
7137,1,活动互动/沉睡/回流/高活跃
7138,0,活动互动
7139,0,活动互动
7140,0,活动互动
7141,0,活动互动
7142,0,活动互动
7143,0,活动互动
7144,0,活动互动
7145,0,活动互动
7146,0,活动互动
7147,1,活动互动/沉睡/回流/高活跃
7148,0,活动互动
7149,0,活动互动
7150,1,活动互动/沉睡/回流/高活跃
7151,0,活动互动
7152,0,活动互动
7153,1,活动互动/沉睡/回流/高活跃
7154,0,活动互动
7155,0,活动互动
7156,0,活动互动
7157,0,活动互动
7158,0,活动互动
7159,1,活动互动/沉睡/回流/高活跃
7160,1,活动互动/沉睡/回流/高活跃
7161,1,活动互动/沉睡/回流/高活跃
7162,0,活动互动
7163,0,活动互动
7164,0,活动互动
7165,0,活动互动
7166,0,活动互动
7167,1,活动互动/沉睡/回流/高活跃
7168,0,活动互动
7169,0,活动互动
7170,1,活动互动/沉睡/回流/高活跃
7171,0,活动互动
7172,0,活动互动
7173,0,活动互动
7174,0,活动互动
7175,1,活动互动/沉睡/回流/高活跃
7176,0,活动互动
7177,0,活动互动
7178,0,活动互动
7179,0,活动互动
7180,0,活动互动
7181,0,活动互动
7182,0,活动互动
7183,0,活动互动
7184,0,活动互动
7185,0,活动互动
7186,0,活动互动
7187,0,活动互动
7188,0,活动互动
7189,0,活动互动
7190,0,活动互动
7191,1,活动互动/沉睡/回流/高活跃
7192,0,活动互动
7193,0,活动互动
7194,0,活动互动
7195,0,活动互动
7196,0,活动互动
7197,1,活动互动/沉睡/回流/高活跃
7198,0,活动互动
7199,0,活动互动
7200,0,活动互动
7201,0,活动互动
7202,1,活动互动/沉睡/回流/高活跃
7203,0,活动互动
7204,0,活动互动
7205,0,活动互动
7206,0,活动互动
7207,0,活动互动
7208,0,活动互动
7209,0,活动互动
7210,0,活动互动
7211,0,活动互动
7212,1,活动互动/沉睡/回流/高活跃
7213,1,活动互动/沉睡/回流/高活跃
7214,1,活动互动/沉睡/回流/高活跃
7215,0,活动互动
7216,0,活动互动
7217,0,活动互动
7218,0,活动互动
7219,0,活动互动
7220,0,活动互动
7221,0,活动互动
7222,0,活动互动
7223,0,活动互动
7224,0,活动互动
7225,0,活动互动
7226,0,活动互动
7227,0,活动互动
7228,0,活动互动
7229,0,活动互动
7230,0,活动互动
7231,0,活动互动
7232,0,活动互动
7233,0,活动互动
7234,0,活动互动
7235,1,活动互动/沉睡/回流/高活跃
7236,0,活动互动
7237,0,活动互动
7238,1,活动互动/沉睡/回流/高活跃
7239,0,活动互动
7240,0,活动互动
7241,0,活动互动
7242,0,活动互动
7243,0,活动互动
7244,0,活动互动
7245,0,活动互动
7246,0,活动互动
7247,0,活动互动
7248,0,活动互动
7249,0,活动互动
7250,0,活动互动
7251,1,活动互动/沉睡/回流/高活跃
7252,1,活动互动/沉睡/回流/高活跃
7253,0,活动互动
7254,0,活动互动
7255,0,活动互动
7256,0,活动互动
7257,0,活动互动
7258,0,活动互动
7259,0,活动互动
7260,0,活动互动
7261,0,活动互动
7262,0,活动互动
7263,0,活动互动
7264,1,活动互动/沉睡/回流/高活跃
7265,1,活动互动/沉睡/回流/高活跃
7266,0,活动互动
7267,0,活动互动
7268,1,活动互动/沉睡/回流/高活跃
7269,0,活动互动
7270,0,活动互动
7271,1,活动互动/沉睡/回流/高活跃
7272,0,活动互动
7273,0,活动互动
7274,0,活动互动
7275,0,活动互动
7276,1,活动互动/沉睡/回流/高活跃
7277,1,活动互动/沉睡/回流/高活跃
7278,1,活动互动/沉睡/回流/高活跃
7279,0,活动互动
7280,1,活动互动/沉睡/回流/高活跃
7281,1,活动互动/沉睡/回流/高活跃
7282,0,活动互动
7283,1,活动互动/沉睡/回流/高活跃
7284,0,活动互动
7285,1,活动互动/沉睡/回流/高活跃
7286,0,活动互动
7287,0,活动互动
7288,0,活动互动
7289,0,活动互动
7290,0,活动互动
7291,0,活动互动
7292,0,活动互动
7293,0,活动互动
7294,0,活动互动
7295,0,活动互动
7296,0,活动互动
7297,1,活动互动/沉睡/回流/高活跃
7298,0,活动互动
7299,0,活动互动
7300,1,活动互动/沉睡/回流/高活跃
7301,0,活动互动
7302,0,活动互动
7303,0,活动互动
7304,0,活动互动
7305,0,活动互动
7306,0,活动互动
7307,0,活动互动
7308,0,活动互动
7309,0,活动互动
7310,0,活动互动
7311,0,活动互动
7312,0,活动互动
7313,0,活动互动
7314,1,活动互动/沉睡/回流/高活跃
7315,0,活动互动
7316,0,活动互动
7317,0,活动互动
7318,0,活动互动
7319,0,活动互动
7320,0,活动互动
7321,0,活动互动
7322,0,活动互动
7323,0,活动互动
7324,0,活动互动
7325,1,活动互动/沉睡/回流/高活跃
7326,0,活动互动
7327,0,活动互动
7328,0,活动互动
7329,0,活动互动
7330,0,活动互动
7331,0,活动互动
7332,0,活动互动
7333,0,活动互动
7334,0,活动互动
7335,0,活动互动
7336,0,活动互动
7337,0,活动互动
7338,0,活动互动
7339,0,活动互动
7340,0,活动互动
7341,0,活动互动
7342,0,活动互动
7343,0,活动互动
7344,0,活动互动
7345,1,活动互动/沉睡/回流/高活跃
7346,1,活动互动/沉睡/回流/高活跃
7347,1,活动互动/沉睡/回流/高活跃
7348,0,活动互动
7349,0,活动互动
7350,0,活动互动
7351,0,活动互动
7352,1,活动互动/沉睡/回流/高活跃
7353,0,活动互动
7354,0,活动互动
7355,0,活动互动
7356,0,活动互动
7357,1,活动互动/沉睡/回流/高活跃
7358,0,活动互动
7359,0,活动互动
7360,0,活动互动
7361,1,活动互动/沉睡/回流/高活跃
7362,0,活动互动
7363,0,活动互动
7364,0,活动互动
7365,0,活动互动
7366,0,活动互动
7367,0,活动互动
7368,0,活动互动
7369,0,活动互动
7370,0,活动互动
7371,1,活动互动/沉睡/回流/高活跃
7372,0,活动互动
7373,0,活动互动
7374,0,活动互动
7375,0,活动互动
7376,1,活动互动/沉睡/回流/高活跃
7377,0,活动互动
7378,0,活动互动
7379,0,活动互动
7380,0,活动互动
7381,1,活动互动/沉睡/回流/高活跃
7382,1,活动互动/沉睡/回流/高活跃
7383,0,活动互动
7384,1,活动互动/沉睡/回流/高活跃
7385,1,活动互动/沉睡/回流/高活跃
7386,0,活动互动
7387,0,活动互动
7388,0,活动互动
7389,0,活动互动
7390,0,活动互动
7391,0,活动互动
7392,0,活动互动
7393,0,活动互动
7394,0,活动互动
7395,0,活动互动
7396,1,活动互动/沉睡/回流/高活跃
7397,0,活动互动
7398,0,活动互动
7399,0,活动互动
7400,1,活动互动/沉睡/回流/高活跃
7401,0,活动互动
7402,0,活动互动
7403,0,活动互动
7404,0,活动互动
7405,0,活动互动
7406,0,活动互动
7407,1,活动互动/沉睡/回流/高活跃
7408,0,活动互动
7409,0,活动互动
7410,0,活动互动
7411,0,活动互动
7412,0,活动互动
7413,0,活动互动
7414,0,活动互动
7415,1,活动互动/沉睡/回流/高活跃
7416,0,活动互动
7417,0,活动互动
7418,0,活动互动
7419,0,活动互动
7420,0,活动互动
7421,1,活动互动/沉睡/回流/高活跃
7422,1,活动互动/沉睡/回流/高活跃
7423,0,活动互动
7424,1,活动互动/沉睡/回流/高活跃
7425,0,活动互动
7426,0,活动互动
7427,1,活动互动/沉睡/回流/高活跃
7428,0,活动互动
7429,0,活动互动
7430,0,活动互动
7431,0,活动互动
7432,0,活动互动
7433,0,活动互动
7434,0,活动互动
7435,0,活动互动
7436,0,活动互动
7437,0,活动互动
7438,0,活动互动
7439,1,活动互动/沉睡/回流/高活跃
7440,1,活动互动/沉睡/回流/高活跃
7441,0,活动互动
7442,0,活动互动
7443,0,活动互动
7444,0,活动互动
7445,0,活动互动
7446,0,活动互动
7447,0,活动互动
7448,0,活动互动
7449,0,活动互动
7450,0,活动互动
7451,1,活动互动/沉睡/回流/高活跃
7452,0,活动互动
7453,0,活动互动
7454,1,活动互动/沉睡/回流/高活跃
7455,0,活动互动
7456,0,活动互动
7457,0,活动互动
7458,1,活动互动/沉睡/回流/高活跃
7459,0,活动互动
7460,0,活动互动
7461,0,活动互动
7462,0,活动互动
7463,0,活动互动
7464,1,活动互动/沉睡/回流/高活跃
7465,1,活动互动/沉睡/回流/高活跃
7466,0,活动互动
7467,0,活动互动
7468,1,活动互动/沉睡/回流/高活跃
7469,0,活动互动
7470,1,活动互动/沉睡/回流/高活跃
7471,0,活动互动
7472,1,活动互动/沉睡/回流/高活跃
7473,0,活动互动
7474,1,活动互动/沉睡/回流/高活跃
7475,1,活动互动/沉睡/回流/高活跃
7476,0,活动互动
7477,0,活动互动
7478,0,活动互动
7479,0,活动互动
7480,0,活动互动
7481,0,活动互动
7482,1,活动互动/沉睡/回流/高活跃
7483,0,活动互动
7484,0,活动互动
7485,1,活动互动/沉睡/回流/高活跃
7486,1,活动互动/沉睡/回流/高活跃
7487,1,活动互动/沉睡/回流/高活跃
7488,0,活动互动
7489,0,活动互动
7490,0,活动互动
7491,0,活动互动
7492,0,活动互动
7493,0,活动互动
7494,0,活动互动
7495,0,活动互动
7496,0,活动互动
7497,0,活动互动
7498,1,活动互动/沉睡/回流/高活跃
7499,0,活动互动
7500,0,活动互动
7501,1,活动互动/沉睡/回流/高活跃
7502,0,活动互动
7503,0,活动互动
7504,1,活动互动/沉睡/回流/高活跃
7505,0,活动互动
7506,1,活动互动/沉睡/回流/高活跃
7507,0,活动互动
7508,1,活动互动/沉睡/回流/高活跃
7509,1,活动互动/沉睡/回流/高活跃
7510,1,活动互动/沉睡/回流/高活跃
7511,0,活动互动
7512,0,活动互动
7513,1,活动互动/沉睡/回流/高活跃
7514,0,活动互动
7515,0,活动互动
7516,1,活动互动/沉睡/回流/高活跃
7517,0,活动互动
7518,0,活动互动
7519,0,活动互动
7520,1,活动互动/沉睡/回流/高活跃
7521,0,活动互动
7522,0,活动互动
7523,0,活动互动
7524,1,活动互动/沉睡/回流/高活跃
7525,0,活动互动
7526,0,活动互动
7527,0,活动互动
7528,0,活动互动
7529,0,活动互动
7530,0,活动互动
7531,0,活动互动
7532,0,活动互动
7533,0,活动互动
7534,0,活动互动
7535,1,活动互动/沉睡/回流/高活跃
7536,0,活动互动
7537,0,活动互动
7538,0,活动互动
7539,0,活动互动
7540,0,活动互动
7541,0,活动互动
7542,0,活动互动
7543,1,活动互动/沉睡/回流/高活跃
7544,0,活动互动
7545,0,活动互动
7546,0,活动互动
7547,1,活动互动/沉睡/回流/高活跃
7548,0,活动互动
7549,0,活动互动
7550,0,活动互动
7551,0,活动互动
7552,0,活动互动
7553,0,活动互动
7554,0,活动互动
7555,0,活动互动
7556,0,活动互动
7557,1,活动互动/沉睡/回流/高活跃
7558,0,活动互动
7559,0,活动互动
7560,0,活动互动
7561,1,活动互动/沉睡/回流/高活跃
7562,0,活动互动
7563,1,活动互动/沉睡/回流/高活跃
7564,0,活动互动
7565,0,活动互动
7566,0,活动互动
7567,0,活动互动
7568,0,活动互动
7569,0,活动互动
7570,1,活动互动/沉睡/回流/高活跃
7571,0,活动互动
7572,0,活动互动
7573,0,活动互动
7574,0,活动互动
7575,0,活动互动
7576,1,活动互动/沉睡/回流/高活跃
7577,0,活动互动
7578,0,活动互动
7579,0,活动互动
7580,0,活动互动
7581,0,活动互动
7582,0,活动互动
7583,1,活动互动/沉睡/回流/高活跃
7584,0,活动互动
7585,0,活动互动
7586,1,活动互动/沉睡/回流/高活跃
7587,1,活动互动/沉睡/回流/高活跃
7588,0,活动互动
7589,0,活动互动
7590,0,活动互动
7591,0,活动互动
7592,0,活动互动
7593,0,活动互动
7594,0,活动互动
7595,0,活动互动
7596,0,活动互动
7597,0,活动互动
7598,0,活动互动
7599,0,活动互动
7600,0,活动互动
7601,0,活动互动
7602,0,活动互动
7603,0,活动互动
7604,0,活动互动
7605,0,活动互动
7606,0,活动互动
7607,0,活动互动
7608,1,活动互动/沉睡/回流/高活跃
7609,1,活动互动/沉睡/回流/高活跃
7610,0,活动互动
7611,1,活动互动/沉睡/回流/高活跃
7612,1,活动互动/沉睡/回流/高活跃
7613,0,活动互动
7614,0,活动互动
7615,1,活动互动/沉睡/回流/高活跃
7616,0,活动互动
7617,0,活动互动
7618,1,活动互动/沉睡/回流/高活跃
7619,0,活动互动
7620,0,活动互动
7621,1,活动互动/沉睡/回流/高活跃
7622,0,活动互动
7623,0,活动互动
7624,1,活动互动/沉睡/回流/高活跃
7625,0,活动互动
7626,0,活动互动
7627,0,活动互动
7628,0,活动互动
7629,0,活动互动
7630,0,活动互动
7631,0,活动互动
7632,0,活动互动
7633,1,活动互动/沉睡/回流/高活跃
7634,0,活动互动
7635,0,活动互动
7636,0,活动互动
7637,0,活动互动
7638,1,活动互动/沉睡/回流/高活跃
7639,0,活动互动
7640,0,活动互动
7641,0,活动互动
7642,0,活动互动
7643,0,活动互动
7644,1,活动互动/沉睡/回流/高活跃
7645,1,活动互动/沉睡/回流/高活跃
7646,0,活动互动
7647,0,活动互动
7648,0,活动互动
7649,1,活动互动/沉睡/回流/高活跃
7650,0,活动互动
7651,1,活动互动/沉睡/回流/高活跃
7652,1,活动互动/沉睡/回流/高活跃
7653,0,活动互动
7654,0,活动互动
7655,0,活动互动
7656,0,活动互动
7657,0,活动互动
7658,1,活动互动/沉睡/回流/高活跃
7659,0,活动互动
7660,0,活动互动
7661,0,活动互动
7662,0,活动互动
7663,1,活动互动/沉睡/回流/高活跃
7664,0,活动互动
7665,0,活动互动
7666,0,活动互动
7667,0,活动互动
7668,0,活动互动
7669,0,活动互动
7670,0,活动互动
7671,0,活动互动
7672,0,活动互动
7673,0,活动互动
7674,0,活动互动
7675,0,活动互动
7676,0,活动互动
7677,0,活动互动
7678,0,活动互动
7679,0,活动互动
7680,1,活动互动/沉睡/回流/高活跃
7681,0,活动互动
7682,1,活动互动/沉睡/回流/高活跃
7683,1,活动互动/沉睡/回流/高活跃
7684,0,活动互动
7685,0,活动互动
7686,1,活动互动/沉睡/回流/高活跃
7687,0,活动互动
7688,0,活动互动
7689,0,活动互动
7690,0,活动互动
7691,0,活动互动
7692,0,活动互动
7693,1,活动互动/沉睡/回流/高活跃
7694,0,活动互动
7695,0,活动互动
7696,0,活动互动
7697,1,活动互动/沉睡/回流/高活跃
7698,1,活动互动/沉睡/回流/高活跃
7699,0,活动互动
7700,0,活动互动
7701,0,活动互动
7702,1,活动互动/沉睡/回流/高活跃
7703,0,活动互动
7704,0,活动互动
7705,0,活动互动
7706,0,活动互动
7707,0,活动互动
7708,0,活动互动
7709,0,活动互动
7710,0,活动互动
7711,0,活动互动
7712,0,活动互动
7713,1,活动互动/沉睡/回流/高活跃
7714,0,活动互动
7715,0,活动互动
7716,0,活动互动
7717,0,活动互动
7718,0,活动互动
7719,0,活动互动
7720,1,活动互动/沉睡/回流/高活跃
7721,1,活动互动/沉睡/回流/高活跃
7722,1,活动互动/沉睡/回流/高活跃
7723,0,活动互动
7724,0,活动互动
7725,1,活动互动/沉睡/回流/高活跃
7726,0,活动互动
7727,0,活动互动
7728,0,活动互动
7729,1,活动互动/沉睡/回流/高活跃
7730,0,活动互动
7731,1,活动互动/沉睡/回流/高活跃
7732,0,活动互动
7733,0,活动互动
7734,0,活动互动
7735,0,活动互动
7736,0,活动互动
7737,0,活动互动
7738,0,活动互动
7739,0,活动互动
7740,0,活动互动
7741,0,活动互动
7742,0,活动互动
7743,0,活动互动
7744,0,活动互动
7745,0,活动互动
7746,0,活动互动
7747,0,活动互动
7748,0,活动互动
7749,0,活动互动
7750,0,活动互动
7751,0,活动互动
7752,0,活动互动
7753,0,活动互动
7754,0,活动互动
7755,0,活动互动
7756,0,活动互动
7757,0,活动互动
7758,0,活动互动
7759,0,活动互动
7760,0,活动互动
7761,0,活动互动
7762,1,活动互动/沉睡/回流/高活跃
7763,0,活动互动
7764,1,活动互动/沉睡/回流/高活跃
7765,0,活动互动
7766,1,活动互动/沉睡/回流/高活跃
7767,0,活动互动
7768,0,活动互动
7769,0,活动互动
7770,0,活动互动
7771,1,活动互动/沉睡/回流/高活跃
7772,0,活动互动
7773,0,活动互动
7774,0,活动互动
7775,1,活动互动/沉睡/回流/高活跃
7776,0,活动互动
7777,0,活动互动
7778,0,活动互动
7779,0,活动互动
7780,0,活动互动
7781,0,活动互动
7782,0,活动互动
7783,0,活动互动
7784,0,活动互动
7785,0,活动互动
7786,0,活动互动
7787,0,活动互动
7788,0,活动互动
7789,0,活动互动
7790,0,活动互动
7791,0,活动互动
7792,0,活动互动
7793,0,活动互动
7794,0,活动互动
7795,0,活动互动
7796,0,活动互动
7797,0,活动互动
7798,1,活动互动/沉睡/回流/高活跃
7799,0,活动互动
7800,0,活动互动
7801,0,活动互动
7802,0,活动互动
7803,0,活动互动
7804,0,活动互动
7805,0,活动互动
7806,0,活动互动
7807,0,活动互动
7808,0,活动互动
7809,0,活动互动
7810,1,活动互动/沉睡/回流/高活跃
7811,0,活动互动
7812,0,活动互动
7813,1,活动互动/沉睡/回流/高活跃
7814,0,活动互动
7815,0,活动互动
7816,0,活动互动
7817,0,活动互动
7818,0,活动互动
7819,0,活动互动
7820,0,活动互动
7821,1,活动互动/沉睡/回流/高活跃
7822,0,活动互动
7823,0,活动互动
7824,1,活动互动/沉睡/回流/高活跃
7825,0,活动互动
7826,0,活动互动
7827,0,活动互动
7828,0,活动互动
7829,0,活动互动
7830,0,活动互动
7831,0,活动互动
7832,0,活动互动
7833,0,活动互动
7834,0,活动互动
7835,1,活动互动/沉睡/回流/高活跃
7836,0,活动互动
7837,0,活动互动
7838,0,活动互动
7839,0,活动互动
7840,0,活动互动
7841,0,活动互动
7842,0,活动互动
7843,0,活动互动
7844,0,活动互动
7845,1,活动互动/沉睡/回流/高活跃
7846,0,活动互动
7847,0,活动互动
7848,0,活动互动
7849,0,活动互动
7850,0,活动互动
7851,0,活动互动
7852,0,活动互动
7853,1,活动互动/沉睡/回流/高活跃
7854,0,活动互动
7855,0,活动互动
7856,0,活动互动
7857,0,活动互动
7858,0,活动互动
7859,0,活动互动
7860,0,活动互动
7861,1,活动互动/沉睡/回流/高活跃
7862,0,活动互动
7863,0,活动互动
7864,0,活动互动
7865,0,活动互动
7866,0,活动互动
7867,0,活动互动
7868,0,活动互动
7869,0,活动互动
7870,0,活动互动
7871,0,活动互动
7872,0,活动互动
7873,0,活动互动
7874,0,活动互动
7875,0,活动互动
7876,1,活动互动/沉睡/回流/高活跃
7877,0,活动互动
7878,0,活动互动
7879,0,活动互动
7880,1,活动互动/沉睡/回流/高活跃
7881,1,活动互动/沉睡/回流/高活跃
7882,0,活动互动
7883,0,活动互动
7884,0,活动互动
7885,0,活动互动
7886,0,活动互动
7887,0,活动互动
7888,0,活动互动
7889,0,活动互动
7890,0,活动互动
7891,0,活动互动
7892,0,活动互动
7893,0,活动互动
7894,0,活动互动
7895,0,活动互动
7896,1,活动互动/沉睡/回流/高活跃
7897,0,活动互动
7898,0,活动互动
7899,0,活动互动
7900,0,活动互动
7901,0,活动互动
7902,1,活动互动/沉睡/回流/高活跃
7903,0,活动互动
7904,0,活动互动
7905,0,活动互动
7906,0,活动互动
7907,0,活动互动
7908,0,活动互动
7909,0,活动互动
7910,0,活动互动
7911,0,活动互动
7912,0,活动互动
7913,0,活动互动
7914,0,活动互动
7915,0,活动互动
7916,0,活动互动
7917,0,活动互动
7918,1,活动互动/沉睡/回流/高活跃
7919,0,活动互动
7920,0,活动互动
7921,0,活动互动
7922,0,活动互动
7923,0,活动互动
7924,0,活动互动
7925,1,活动互动/沉睡/回流/高活跃
7926,0,活动互动
7927,0,活动互动
7928,0,活动互动
7929,0,活动互动
7930,0,活动互动
7931,1,活动互动/沉睡/回流/高活跃
7932,1,活动互动/沉睡/回流/高活跃
7933,0,活动互动
7934,0,活动互动
7935,0,活动互动
7936,0,活动互动
7937,0,活动互动
7938,0,活动互动
7939,1,活动互动/沉睡/回流/高活跃
7940,0,活动互动
7941,0,活动互动
7942,0,活动互动
7943,0,活动互动
7944,0,活动互动
7945,0,活动互动
7946,0,活动互动
7947,0,活动互动
7948,0,活动互动
7949,0,活动互动
7950,1,活动互动/沉睡/回流/高活跃
7951,0,活动互动
7952,0,活动互动
7953,0,活动互动
7954,0,活动互动
7955,0,活动互动
7956,0,活动互动
7957,0,活动互动
7958,0,活动互动
7959,0,活动互动
7960,0,活动互动
7961,0,活动互动
7962,0,活动互动
7963,0,活动互动
7964,0,活动互动
7965,0,活动互动
7966,1,活动互动/沉睡/回流/高活跃
7967,0,活动互动
7968,0,活动互动
7969,0,活动互动
7970,0,活动互动
7971,0,活动互动
7972,0,活动互动
7973,0,活动互动
7974,0,活动互动
7975,0,活动互动
7976,0,活动互动
7977,0,活动互动
7978,0,活动互动
7979,0,活动互动
7980,1,活动互动/沉睡/回流/高活跃
7981,0,活动互动
7982,0,活动互动
7983,0,活动互动
7984,0,活动互动
7985,0,活动互动
7986,0,活动互动
7987,0,活动互动
7988,0,活动互动
7989,0,活动互动
7990,0,活动互动
7991,0,活动互动
7992,0,活动互动
7993,0,活动互动
7994,0,活动互动
7995,0,活动互动
7996,0,活动互动
7997,0,活动互动
7998,0,活动互动
7999,0,活动互动
8000,0,活动互动
8001,0,活动互动
8002,1,活动互动/沉睡/回流/高活跃
8003,0,活动互动
8004,0,活动互动
8005,0,活动互动
8006,0,活动互动
8007,0,活动互动
8008,1,活动互动/沉睡/回流/高活跃
8009,0,活动互动
8010,1,活动互动/沉睡/回流/高活跃
8011,1,活动互动/沉睡/回流/高活跃
8012,0,活动互动
8013,0,活动互动
8014,0,活动互动
8015,0,活动互动
8016,0,活动互动
8017,0,活动互动
8018,0,活动互动
8019,0,活动互动
8020,0,活动互动
8021,1,活动互动/沉睡/回流/高活跃
8022,0,活动互动
8023,0,活动互动
8024,1,活动互动/沉睡/回流/高活跃
8025,1,活动互动/沉睡/回流/高活跃
8026,0,活动互动
8027,0,活动互动
8028,0,活动互动
8029,1,活动互动/沉睡/回流/高活跃
8030,1,活动互动/沉睡/回流/高活跃
8031,1,活动互动/沉睡/回流/高活跃
8032,0,活动互动
8033,0,活动互动
8034,0,活动互动
8035,0,活动互动
8036,0,活动互动
8037,0,活动互动
8038,1,活动互动/沉睡/回流/高活跃
8039,0,活动互动
8040,0,活动互动
8041,0,活动互动
8042,0,活动互动
8043,0,活动互动
8044,0,活动互动
8045,1,活动互动/沉睡/回流/高活跃
8046,0,活动互动
8047,0,活动互动
8048,0,活动互动
8049,1,活动互动/沉睡/回流/高活跃
8050,0,活动互动
8051,0,活动互动
8052,0,活动互动
8053,0,活动互动
8054,0,活动互动
8055,0,活动互动
8056,0,活动互动
8057,0,活动互动
8058,0,活动互动
8059,0,活动互动
8060,0,活动互动
8061,0,活动互动
8062,0,活动互动
8063,0,活动互动
8064,1,活动互动/沉睡/回流/高活跃
8065,0,活动互动
8066,1,活动互动/沉睡/回流/高活跃
8067,0,活动互动
8068,0,活动互动
8069,0,活动互动
8070,0,活动互动
8071,0,活动互动
8072,0,活动互动
8073,0,活动互动
8074,0,活动互动
8075,1,活动互动/沉睡/回流/高活跃
8076,1,活动互动/沉睡/回流/高活跃
8077,1,活动互动/沉睡/回流/高活跃
8078,1,活动互动/沉睡/回流/高活跃
8079,0,活动互动
8080,0,活动互动
8081,0,活动互动
8082,0,活动互动
8083,0,活动互动
8084,0,活动互动
8085,0,活动互动
8086,0,活动互动
8087,0,活动互动
8088,0,活动互动
8089,0,活动互动
8090,0,活动互动
8091,0,活动互动
8092,0,活动互动
8093,0,活动互动
8094,0,活动互动
8095,0,活动互动
8096,0,活动互动
8097,0,活动互动
8098,0,活动互动
8099,0,活动互动
8100,0,活动互动
8101,0,活动互动
8102,0,活动互动
8103,0,活动互动
8104,0,活动互动
8105,0,活动互动
8106,1,活动互动/沉睡/回流/高活跃
8107,0,活动互动
8108,0,活动互动
8109,1,活动互动/沉睡/回流/高活跃
8110,0,活动互动
8111,0,活动互动
8112,1,活动互动/沉睡/回流/高活跃
8113,0,活动互动
8114,0,活动互动
8115,0,活动互动
8116,0,活动互动
8117,0,活动互动
8118,0,活动互动
8119,0,活动互动
8120,0,活动互动
8121,0,活动互动
8122,1,活动互动/沉睡/回流/高活跃
8123,0,活动互动
8124,0,活动互动
8125,0,活动互动
8126,0,活动互动
8127,0,活动互动
8128,0,活动互动
8129,0,活动互动
8130,0,活动互动
8131,0,活动互动
8132,0,活动互动
8133,0,活动互动
8134,0,活动互动
8135,0,活动互动
8136,0,活动互动
8137,0,活动互动
8138,0,活动互动
8139,0,活动互动
8140,0,活动互动
8141,0,活动互动
8142,0,活动互动
8143,0,活动互动
8144,0,活动互动
8145,0,活动互动
8146,0,活动互动
8147,0,活动互动
8148,0,活动互动
8149,0,活动互动
8150,0,活动互动
8151,0,活动互动
8152,0,活动互动
8153,0,活动互动
8154,0,活动互动
8155,0,活动互动
8156,0,活动互动
8157,0,活动互动
8158,0,活动互动
8159,0,活动互动
8160,0,活动互动
8161,1,活动互动/沉睡/回流/高活跃
8162,0,活动互动
8163,0,活动互动
8164,0,活动互动
8165,0,活动互动
8166,1,活动互动/沉睡/回流/高活跃
8167,0,活动互动
8168,0,活动互动
8169,0,活动互动
8170,0,活动互动
8171,0,活动互动
8172,1,活动互动/沉睡/回流/高活跃
8173,0,活动互动
8174,0,活动互动
8175,0,活动互动
8176,0,活动互动
8177,0,活动互动
8178,0,活动互动
8179,0,活动互动
8180,0,活动互动
8181,0,活动互动
8182,0,活动互动
8183,0,活动互动
8184,0,活动互动
8185,0,活动互动
8186,0,活动互动
8187,1,活动互动/沉睡/回流/高活跃
8188,0,活动互动
8189,0,活动互动
8190,0,活动互动
8191,1,活动互动/沉睡/回流/高活跃
8192,0,活动互动
8194,0,活动互动
8195,0,活动互动
8196,0,活动互动
8197,0,活动互动
8198,0,活动互动
8199,0,活动互动
8200,0,活动互动
8201,0,活动互动
8202,0,活动互动
8203,0,活动互动
8204,0,活动互动
8205,0,活动互动
8206,0,活动互动
8207,0,活动互动
8208,1,活动互动/沉睡/回流/高活跃
8209,0,活动互动
8210,0,活动互动
8211,0,活动互动
8212,0,活动互动
8213,0,活动互动
8214,0,活动互动
8215,0,活动互动
8216,0,活动互动
8217,0,活动互动
8218,0,活动互动
8219,0,活动互动
8220,0,活动互动
8221,0,活动互动
8222,0,活动互动
8223,1,活动互动/沉睡/回流/高活跃
8224,0,活动互动
8225,1,活动互动/沉睡/回流/高活跃
8226,0,活动互动
8227,1,活动互动/沉睡/回流/高活跃
8228,0,活动互动
8229,1,活动互动/沉睡/回流/高活跃
8230,0,活动互动
8231,0,活动互动
8232,1,活动互动/沉睡/回流/高活跃
8233,0,活动互动
8234,0,活动互动
8235,0,活动互动
8236,0,活动互动
8237,0,活动互动
8238,0,活动互动
8239,0,活动互动
8240,0,活动互动
8241,0,活动互动
8242,0,活动互动
8243,0,活动互动
8244,0,活动互动
8245,0,活动互动
8246,0,活动互动
8247,0,活动互动
8248,0,活动互动
8249,0,活动互动
8250,0,活动互动
8251,0,活动互动
8252,0,活动互动
8253,0,活动互动
8254,0,活动互动
8255,0,活动互动
8256,0,活动互动
8257,0,活动互动
8258,0,活动互动
8259,0,活动互动
8260,1,活动互动/沉睡/回流/高活跃
8261,0,活动互动
8262,0,活动互动
8263,0,活动互动
8264,0,活动互动
8265,0,活动互动
8266,0,活动互动
8267,0,活动互动
8268,1,活动互动/沉睡/回流/高活跃
8269,0,活动互动
8270,0,活动互动
8271,0,活动互动
8272,0,活动互动
8273,0,活动互动
8274,0,活动互动
8275,0,活动互动
8276,0,活动互动
8277,0,活动互动
8278,0,活动互动
8279,0,活动互动
8280,1,活动互动/沉睡/回流/高活跃
8281,0,活动互动
8282,0,活动互动
8283,0,活动互动
8284,1,活动互动/沉睡/回流/高活跃
8285,0,活动互动
8286,0,活动互动
8287,1,活动互动/沉睡/回流/高活跃
8288,0,活动互动
8289,0,活动互动
8290,0,活动互动
8291,0,活动互动
8292,0,活动互动
8293,0,活动互动
8294,0,活动互动
8295,0,活动互动
8296,0,活动互动
8297,0,活动互动
8298,0,活动互动
8299,0,活动互动
8300,0,活动互动
8301,0,活动互动
8302,0,活动互动
8303,0,活动互动
8304,0,活动互动
8305,0,活动互动
8306,0,活动互动
8307,0,活动互动
8308,0,活动互动
8309,0,活动互动
8310,0,活动互动
8311,0,活动互动
8312,0,活动互动
8313,1,活动互动/沉睡/回流/高活跃
8314,0,活动互动
8315,0,活动互动
8316,0,活动互动
8317,0,活动互动
8318,0,活动互动
8319,0,活动互动
8320,1,活动互动/沉睡/回流/高活跃
8321,0,活动互动
8322,0,活动互动
8323,0,活动互动
8324,0,活动互动
8325,0,活动互动
8326,0,活动互动
8327,0,活动互动
8328,0,活动互动
8329,0,活动互动
8330,0,活动互动
8331,0,活动互动
8332,0,活动互动
8333,0,活动互动
8334,0,活动互动
8335,0,活动互动
8336,0,活动互动
8337,0,活动互动
8338,0,活动互动
8339,0,活动互动
8340,0,活动互动
8341,0,活动互动
8342,0,活动互动
8343,1,活动互动/沉睡/回流/高活跃
8344,0,活动互动
8345,0,活动互动
8346,0,活动互动
8347,1,活动互动/沉睡/回流/高活跃
8348,0,活动互动
8349,0,活动互动
8350,0,活动互动
8351,0,活动互动
8352,0,活动互动
8353,1,活动互动/沉睡/回流/高活跃
8354,0,活动互动
8355,0,活动互动
8356,0,活动互动
8357,0,活动互动
8358,1,活动互动/沉睡/回流/高活跃
8359,1,活动互动/沉睡/回流/高活跃
8360,1,活动互动/沉睡/回流/高活跃
8361,0,活动互动
8362,0,活动互动
8363,0,活动互动
8364,0,活动互动
8365,0,活动互动
8366,0,活动互动
8367,0,活动互动
8368,0,活动互动
8369,0,活动互动
8370,0,活动互动
8371,0,活动互动
8372,0,活动互动
8373,0,活动互动
8374,0,活动互动
8375,0,活动互动
8376,0,活动互动
8377,0,活动互动
8378,0,活动互动
8379,1,活动互动/沉睡/回流/高活跃
8380,1,活动互动/沉睡/回流/高活跃
8381,0,活动互动
8382,0,活动互动
8383,1,活动互动/沉睡/回流/高活跃
8384,0,活动互动
8385,0,活动互动
8386,0,活动互动
8387,0,活动互动
8388,0,活动互动
8389,1,活动互动/沉睡/回流/高活跃
8390,0,活动互动
8391,0,活动互动
8392,1,活动互动/沉睡/回流/高活跃
8393,0,活动互动
8394,0,活动互动
8395,0,活动互动
8396,1,活动互动/沉睡/回流/高活跃
8397,1,活动互动/沉睡/回流/高活跃
8398,0,活动互动
8399,0,活动互动
8400,1,活动互动/沉睡/回流/高活跃
8401,0,活动互动
8402,0,活动互动
8403,0,活动互动
8404,0,活动互动
8405,0,活动互动
8406,0,活动互动
8407,0,活动互动
8408,0,活动互动
8409,1,活动互动/沉睡/回流/高活跃
8410,1,活动互动/沉睡/回流/高活跃
8411,0,活动互动
8412,0,活动互动
8413,0,活动互动
8414,0,活动互动
8415,0,活动互动
8416,0,活动互动
8417,0,活动互动
8418,0,活动互动
8419,0,活动互动
8420,0,活动互动
8421,0,活动互动
8422,1,活动互动/沉睡/回流/高活跃
8423,0,活动互动
8424,0,活动互动
8425,0,活动互动
8426,0,活动互动
8427,0,活动互动
8428,1,活动互动/沉睡/回流/高活跃
8429,0,活动互动
8430,1,活动互动/沉睡/回流/高活跃
8431,0,活动互动
8432,0,活动互动
8433,1,活动互动/沉睡/回流/高活跃
8434,0,活动互动
8435,0,活动互动
8436,0,活动互动
8437,1,活动互动/沉睡/回流/高活跃
8438,0,活动互动
8439,0,活动互动
8440,0,活动互动
8441,0,活动互动
8442,0,活动互动
8443,0,活动互动
8444,0,活动互动
8445,0,活动互动
8446,0,活动互动
8447,0,活动互动
8448,0,活动互动
8449,0,活动互动
8450,0,活动互动
8451,1,活动互动/沉睡/回流/高活跃
8452,1,活动互动/沉睡/回流/高活跃
8453,0,活动互动
8454,0,活动互动
8455,1,活动互动/沉睡/回流/高活跃
8456,0,活动互动
8457,0,活动互动
8458,0,活动互动
8459,0,活动互动
8460,0,活动互动
8461,0,活动互动
8462,0,活动互动
8463,0,活动互动
8464,0,活动互动
8465,1,活动互动/沉睡/回流/高活跃
8466,0,活动互动
8467,1,活动互动/沉睡/回流/高活跃
8468,0,活动互动
8469,1,活动互动/沉睡/回流/高活跃
8470,0,活动互动
8471,0,活动互动
8472,0,活动互动
8473,1,活动互动/沉睡/回流/高活跃
8474,0,活动互动
8475,0,活动互动
8476,1,活动互动/沉睡/回流/高活跃
8477,0,活动互动
8478,0,活动互动
8479,0,活动互动
8480,0,活动互动
8481,0,活动互动
8482,0,活动互动
8483,0,活动互动
8484,0,活动互动
8485,0,活动互动
8486,0,活动互动
8487,0,活动互动
8488,1,活动互动/沉睡/回流/高活跃
8489,0,活动互动
8490,0,活动互动
8491,1,活动互动/沉睡/回流/高活跃
8492,0,活动互动
8493,0,活动互动
8494,0,活动互动
8495,0,活动互动
8496,0,活动互动
8497,0,活动互动
8498,0,活动互动
8499,0,活动互动
8500,0,活动互动
8501,0,活动互动
8502,0,活动互动
8503,0,活动互动
8504,0,活动互动
8505,0,活动互动
8506,0,活动互动
8507,0,活动互动
8508,0,活动互动
8509,0,活动互动
8510,1,活动互动/沉睡/回流/高活跃
8511,0,活动互动
8512,0,活动互动
8513,0,活动互动
8514,0,活动互动
8515,0,活动互动
8516,0,活动互动
8517,0,活动互动
8518,0,活动互动
8519,0,活动互动
8520,0,活动互动
8521,0,活动互动
8522,0,活动互动
8523,0,活动互动
8524,0,活动互动
8525,0,活动互动
8526,1,活动互动/沉睡/回流/高活跃
8527,0,活动互动
8528,0,活动互动
8529,0,活动互动
8530,0,活动互动
8531,1,活动互动/沉睡/回流/高活跃
8532,1,活动互动/沉睡/回流/高活跃
8533,0,活动互动
8534,0,活动互动
8535,0,活动互动
8536,0,活动互动
8537,0,活动互动
8538,0,活动互动
8539,0,活动互动
8540,0,活动互动
8541,0,活动互动
8542,1,活动互动/沉睡/回流/高活跃
8543,0,活动互动
8544,1,活动互动/沉睡/回流/高活跃
8545,0,活动互动
8546,0,活动互动
8547,0,活动互动
8548,0,活动互动
8549,0,活动互动
8550,0,活动互动
8551,0,活动互动
8552,0,活动互动
8553,0,活动互动
8554,0,活动互动
8555,0,活动互动
8556,0,活动互动
8557,0,活动互动
8558,1,活动互动/沉睡/回流/高活跃
8559,0,活动互动
8560,0,活动互动
8561,0,活动互动
8562,0,活动互动
8563,0,活动互动
8564,0,活动互动
8565,0,活动互动
8566,0,活动互动
8567,0,活动互动
8568,0,活动互动
8569,0,活动互动
8570,0,活动互动
8571,0,活动互动
8572,0,活动互动
8573,0,活动互动
8574,1,活动互动/沉睡/回流/高活跃
8575,0,活动互动
8576,0,活动互动
8577,0,活动互动
8578,0,活动互动
8579,0,活动互动
8580,0,活动互动
8581,0,活动互动
8582,0,活动互动
8583,1,活动互动/沉睡/回流/高活跃
8584,0,活动互动
8585,0,活动互动
8586,0,活动互动
8587,0,活动互动
8588,0,活动互动
8589,0,活动互动
8590,0,活动互动
8591,0,活动互动
8592,0,活动互动
8593,0,活动互动
8594,0,活动互动
8595,0,活动互动
8596,0,活动互动
8597,0,活动互动
8598,1,活动互动/沉睡/回流/高活跃
8599,0,活动互动
8600,0,活动互动
8601,0,活动互动
8602,0,活动互动
8603,0,活动互动
8604,0,活动互动
8605,0,活动互动
8606,0,活动互动
8607,0,活动互动
8608,0,活动互动
8609,0,活动互动
8610,0,活动互动
8611,0,活动互动
8612,0,活动互动
8613,0,活动互动
8614,0,活动互动
8615,1,活动互动/沉睡/回流/高活跃
8616,0,活动互动
8617,0,活动互动
8618,1,活动互动/沉睡/回流/高活跃
8619,0,活动互动
8620,0,活动互动
8621,0,活动互动
8622,0,活动互动
8623,0,活动互动
8624,0,活动互动
8625,1,活动互动/沉睡/回流/高活跃
8626,0,活动互动
8627,1,活动互动/沉睡/回流/高活跃
8628,0,活动互动
8629,0,活动互动
8630,0,活动互动
8631,0,活动互动
8632,0,活动互动
8633,0,活动互动
8634,0,活动互动
8635,0,活动互动
8636,0,活动互动
8637,0,活动互动
8638,0,活动互动
8639,0,活动互动
8640,1,活动互动/沉睡/回流/高活跃
8641,0,活动互动
8642,0,活动互动
8643,1,活动互动/沉睡/回流/高活跃
8644,0,活动互动
8645,0,活动互动
8646,0,活动互动
8647,0,活动互动
8648,0,活动互动
8649,0,活动互动
8650,0,活动互动
8651,0,活动互动
8652,0,活动互动
8653,1,活动互动/沉睡/回流/高活跃
8654,0,活动互动
8655,0,活动互动
8656,0,活动互动
8657,0,活动互动
8658,1,活动互动/沉睡/回流/高活跃
8659,0,活动互动
8660,0,活动互动
8661,0,活动互动
8662,0,活动互动
8663,1,活动互动/沉睡/回流/高活跃
8664,0,活动互动
8665,0,活动互动
8666,0,活动互动
8667,0,活动互动
8668,0,活动互动
8669,0,活动互动
8670,1,活动互动/沉睡/回流/高活跃
8671,0,活动互动
8672,0,活动互动
8673,0,活动互动
8674,0,活动互动
8675,0,活动互动
8676,0,活动互动
8677,0,活动互动
8678,0,活动互动
8679,1,活动互动/沉睡/回流/高活跃
8680,1,活动互动/沉睡/回流/高活跃
8681,0,活动互动
8682,0,活动互动
8683,0,活动互动
8684,0,活动互动
8685,0,活动互动
8686,0,活动互动
8687,0,活动互动
8688,0,活动互动
8689,0,活动互动
8690,1,活动互动/沉睡/回流/高活跃
8691,0,活动互动
8692,1,活动互动/沉睡/回流/高活跃
8693,0,活动互动
8694,0,活动互动
8695,0,活动互动
8696,0,活动互动
8697,0,活动互动
8698,0,活动互动
8699,0,活动互动
8700,0,活动互动
8701,0,活动互动
8702,1,活动互动/沉睡/回流/高活跃
8703,0,活动互动
8704,0,活动互动
8705,1,活动互动/沉睡/回流/高活跃
8706,1,活动互动/沉睡/回流/高活跃
8707,0,活动互动
8708,0,活动互动
8709,0,活动互动
8710,0,活动互动
8711,0,活动互动
8712,1,活动互动/沉睡/回流/高活跃
8713,1,活动互动/沉睡/回流/高活跃
8714,0,活动互动
8715,0,活动互动
8716,1,活动互动/沉睡/回流/高活跃
8717,0,活动互动
8718,0,活动互动
8719,0,活动互动
8720,0,活动互动
8721,0,活动互动
8722,0,活动互动
8723,0,活动互动
8724,0,活动互动
8725,0,活动互动
8726,0,活动互动
8727,0,活动互动
8728,0,活动互动
8729,0,活动互动
8730,0,活动互动
8731,0,活动互动
8732,0,活动互动
8733,1,活动互动/沉睡/回流/高活跃
8734,0,活动互动
8735,0,活动互动
8736,0,活动互动
8737,0,活动互动
8738,0,活动互动
8739,0,活动互动
8740,0,活动互动
8741,0,活动互动
8742,0,活动互动
8743,1,活动互动/沉睡/回流/高活跃
8744,0,活动互动
8745,0,活动互动
8746,0,活动互动
8747,1,活动互动/沉睡/回流/高活跃
8748,0,活动互动
8749,0,活动互动
8750,0,活动互动
8751,0,活动互动
8752,0,活动互动
8753,0,活动互动
8754,1,活动互动/沉睡/回流/高活跃
8755,0,活动互动
8756,1,活动互动/沉睡/回流/高活跃
8757,0,活动互动
8758,0,活动互动
8759,0,活动互动
8760,0,活动互动
8761,0,活动互动
8762,0,活动互动
8763,0,活动互动
8764,1,活动互动/沉睡/回流/高活跃
8765,0,活动互动
8766,0,活动互动
8767,0,活动互动
8768,0,活动互动
8769,0,活动互动
8770,0,活动互动
8771,0,活动互动
8772,0,活动互动
8773,0,活动互动
8774,1,活动互动/沉睡/回流/高活跃
8775,0,活动互动
8776,0,活动互动
8777,0,活动互动
8778,0,活动互动
8779,0,活动互动
8780,0,活动互动
8781,0,活动互动
8782,0,活动互动
8783,0,活动互动
8784,0,活动互动
8785,0,活动互动
8786,1,活动互动/沉睡/回流/高活跃
8787,0,活动互动
8788,1,活动互动/沉睡/回流/高活跃
8789,0,活动互动
8790,0,活动互动
8791,0,活动互动
8792,0,活动互动
8793,0,活动互动
8794,0,活动互动
8795,0,活动互动
8796,0,活动互动
8797,0,活动互动
8798,0,活动互动
8799,0,活动互动
8800,0,活动互动
8801,1,活动互动/沉睡/回流/高活跃
8802,1,活动互动/沉睡/回流/高活跃
8803,0,活动互动
8804,0,活动互动
8805,0,活动互动
8806,0,活动互动
8807,0,活动互动
8808,0,活动互动
8809,0,活动互动
8810,0,活动互动
8811,0,活动互动
8812,0,活动互动
8813,0,活动互动
8814,0,活动互动
8815,0,活动互动
8816,0,活动互动
8817,0,活动互动
8818,1,活动互动/沉睡/回流/高活跃
8819,0,活动互动
8820,0,活动互动
8821,0,活动互动
8822,0,活动互动
8823,0,活动互动
8824,0,活动互动
8825,0,活动互动
8826,0,活动互动
8827,0,活动互动
8828,0,活动互动
8829,0,活动互动
8830,0,活动互动
8831,0,活动互动
8832,0,活动互动
8833,0,活动互动
8834,0,活动互动
8835,0,活动互动
8836,0,活动互动
8837,0,活动互动
8838,0,活动互动
8839,0,活动互动
8840,0,活动互动
8841,0,活动互动
8842,0,活动互动
8843,0,活动互动
8844,0,活动互动
8845,0,活动互动
8846,1,活动互动/沉睡/回流/高活跃
8847,1,活动互动/沉睡/回流/高活跃
8848,0,活动互动
8849,0,活动互动
8850,0,活动互动
8851,0,活动互动
8852,0,活动互动
8853,0,活动互动
8854,0,活动互动
8855,0,活动互动
8856,0,活动互动
8857,0,活动互动
8858,0,活动互动
8859,0,活动互动
8860,0,活动互动
8861,1,活动互动/沉睡/回流/高活跃
8862,0,活动互动
8863,0,活动互动
8864,0,活动互动
8865,0,活动互动
8866,0,活动互动
8867,0,活动互动
8868,0,活动互动
8869,0,活动互动
8870,0,活动互动
8871,0,活动互动
8872,0,活动互动
8873,0,活动互动
8874,0,活动互动
8875,0,活动互动
8876,0,活动互动
8877,0,活动互动
8878,0,活动互动
8879,0,活动互动
8880,1,活动互动/沉睡/回流/高活跃
8881,0,活动互动
8882,0,活动互动
8883,0,活动互动
8884,0,活动互动
8885,0,活动互动
8886,0,活动互动
8887,0,活动互动
8888,0,活动互动
8889,1,活动互动/沉睡/回流/高活跃
8890,0,活动互动
8891,0,活动互动
8892,0,活动互动
8893,0,活动互动
8894,0,活动互动
8895,0,活动互动
8896,1,活动互动/沉睡/回流/高活跃
8897,0,活动互动
8898,0,活动互动
8899,0,活动互动
8900,0,活动互动
8901,0,活动互动
8902,0,活动互动
8903,0,活动互动
8904,0,活动互动
8905,0,活动互动
8906,0,活动互动
8907,0,活动互动
8908,0,活动互动
8909,0,活动互动
8910,0,活动互动
8911,0,活动互动
8912,1,活动互动/沉睡/回流/高活跃
8913,0,活动互动
8914,0,活动互动
8915,0,活动互动
8916,0,活动互动
8917,0,活动互动
8918,0,活动互动
8919,0,活动互动
8920,0,活动互动
8921,0,活动互动
8922,0,活动互动
8923,0,活动互动
8924,0,活动互动
8925,0,活动互动
8926,0,活动互动
8927,0,活动互动
8928,0,活动互动
8929,0,活动互动
8930,0,活动互动
8931,0,活动互动
8932,0,活动互动
8933,1,活动互动/沉睡/回流/高活跃
8934,0,活动互动
8935,0,活动互动
8936,0,活动互动
8937,0,活动互动
8938,0,活动互动
8939,0,活动互动
8940,0,活动互动
8941,0,活动互动
8942,0,活动互动
8943,0,活动互动
8944,0,活动互动
8945,0,活动互动
8946,0,活动互动
8947,0,活动互动
8948,1,活动互动/沉睡/回流/高活跃
8949,0,活动互动
8950,0,活动互动
8951,0,活动互动
8952,1,活动互动/沉睡/回流/高活跃
8953,1,活动互动/沉睡/回流/高活跃
8954,0,活动互动
8955,0,活动互动
8956,0,活动互动
8957,1,活动互动/沉睡/回流/高活跃
8958,0,活动互动
8959,0,活动互动
8960,0,活动互动
8961,0,活动互动
8962,0,活动互动
8963,0,活动互动
8964,1,活动互动/沉睡/回流/高活跃
8965,0,活动互动
8966,0,活动互动
8967,1,活动互动/沉睡/回流/高活跃
8968,0,活动互动
8969,0,活动互动
8970,1,活动互动/沉睡/回流/高活跃
8971,0,活动互动
8972,0,活动互动
8973,0,活动互动
8974,1,活动互动/沉睡/回流/高活跃
8975,0,活动互动
8976,0,活动互动
8977,0,活动互动
8978,0,活动互动
8979,0,活动互动
8980,0,活动互动
8981,0,活动互动
8982,0,活动互动
8983,0,活动互动
8984,0,活动互动
8985,0,活动互动
8986,0,活动互动
8987,0,活动互动
8988,0,活动互动
8989,0,活动互动
8990,0,活动互动
8991,0,活动互动
8992,1,活动互动/沉睡/回流/高活跃
8993,0,活动互动
8994,0,活动互动
8995,0,活动互动
8996,0,活动互动
8997,0,活动互动
8998,0,活动互动
8999,0,活动互动
9000,0,活动互动
9001,0,活动互动
9002,0,活动互动
9003,0,活动互动
9004,0,活动互动
9005,0,活动互动
9006,0,活动互动
9007,1,活动互动/沉睡/回流/高活跃
9008,0,活动互动
9009,0,活动互动
9010,0,活动互动
9011,0,活动互动
9012,0,活动互动
9013,0,活动互动
9014,0,活动互动
9015,0,活动互动
9016,0,活动互动
9017,1,活动互动/沉睡/回流/高活跃
9018,0,活动互动
9019,0,活动互动
9020,0,活动互动
9021,0,活动互动
9022,0,活动互动
9023,0,活动互动
9024,1,活动互动/沉睡/回流/高活跃
9025,1,活动互动/沉睡/回流/高活跃
9026,0,活动互动
9027,0,活动互动
9028,0,活动互动
9029,0,活动互动
9030,0,活动互动
9031,0,活动互动
9032,0,活动互动
9033,0,活动互动
9034,0,活动互动
9035,0,活动互动
9036,0,活动互动
9037,1,活动互动/沉睡/回流/高活跃
9038,0,活动互动
9039,0,活动互动
9040,0,活动互动
9041,0,活动互动
9042,0,活动互动
9043,0,活动互动
9044,0,活动互动
9045,0,活动互动
9046,0,活动互动
9047,0,活动互动
9048,0,活动互动
9049,0,活动互动
9050,0,活动互动
9051,0,活动互动
9052,0,活动互动
9053,0,活动互动
9054,0,活动互动
9055,0,活动互动
9056,0,活动互动
9057,0,活动互动
9058,1,活动互动/沉睡/回流/高活跃
9059,0,活动互动
9060,0,活动互动
9061,0,活动互动
9062,0,活动互动
9063,0,活动互动
9064,0,活动互动
9065,0,活动互动
9066,0,活动互动
9067,1,活动互动/沉睡/回流/高活跃
9068,0,活动互动
9069,0,活动互动
9070,0,活动互动
9071,1,活动互动/沉睡/回流/高活跃
9072,0,活动互动
9073,0,活动互动
9074,0,活动互动
9075,0,活动互动
9076,0,活动互动
9077,0,活动互动
9078,0,活动互动
9079,0,活动互动
9080,0,活动互动
9081,1,活动互动/沉睡/回流/高活跃
9082,0,活动互动
9083,0,活动互动
9084,0,活动互动
9085,0,活动互动
9086,0,活动互动
9087,0,活动互动
9088,0,活动互动
9089,1,活动互动/沉睡/回流/高活跃
9090,0,活动互动
9091,0,活动互动
9092,0,活动互动
9093,1,活动互动/沉睡/回流/高活跃
9094,0,活动互动
9095,0,活动互动
9096,0,活动互动
9097,0,活动互动
9098,1,活动互动/沉睡/回流/高活跃
9099,0,活动互动
9100,0,活动互动
9101,0,活动互动
9102,0,活动互动
9103,1,活动互动/沉睡/回流/高活跃
9104,0,活动互动
9105,0,活动互动
9106,0,活动互动
9107,0,活动互动
9108,0,活动互动
9109,0,活动互动
9110,0,活动互动
9111,0,活动互动
9112,1,活动互动/沉睡/回流/高活跃
9113,0,活动互动
9114,0,活动互动
9115,0,活动互动
9116,0,活动互动
9117,0,活动互动
9118,0,活动互动
9119,0,活动互动
9120,0,活动互动
9121,0,活动互动
9122,0,活动互动
9123,0,活动互动
9124,0,活动互动
9125,0,活动互动
9126,0,活动互动
9127,0,活动互动
9128,0,活动互动
9129,0,活动互动
9130,0,活动互动
9131,0,活动互动
9132,0,活动互动
9133,0,活动互动
9134,0,活动互动
9135,0,活动互动
9136,0,活动互动
9137,0,活动互动
9138,1,活动互动/沉睡/回流/高活跃
9139,1,活动互动/沉睡/回流/高活跃
9140,0,活动互动
9141,0,活动互动
9142,0,活动互动
9143,1,活动互动/沉睡/回流/高活跃
9144,0,活动互动
9145,0,活动互动
9146,0,活动互动
9147,0,活动互动
9148,0,活动互动
9149,1,活动互动/沉睡/回流/高活跃
9150,0,活动互动
9151,0,活动互动
9152,0,活动互动
9153,0,活动互动
9154,0,活动互动
9155,0,活动互动
9156,0,活动互动
9157,0,活动互动
9158,0,活动互动
9159,0,活动互动
9160,0,活动互动
9161,0,活动互动
9162,0,活动互动
9163,0,活动互动
9164,0,活动互动
9165,0,活动互动
9166,0,活动互动
9167,0,活动互动
9168,0,活动互动
9169,0,活动互动
9170,0,活动互动
9171,0,活动互动
9172,0,活动互动
9173,0,活动互动
9174,0,活动互动
9175,0,活动互动
9176,0,活动互动
9177,0,活动互动
9178,0,活动互动
9179,0,活动互动
9180,0,活动互动
9181,0,活动互动
9182,0,活动互动
9183,0,活动互动
9184,0,活动互动
9185,0,活动互动
9186,0,活动互动
9187,0,活动互动
9188,0,活动互动
9189,0,活动互动
9190,0,活动互动
9191,0,活动互动
9192,0,活动互动
9193,0,活动互动
9194,0,活动互动
9195,1,活动互动/沉睡/回流/高活跃
9196,0,活动互动
9197,0,活动互动
9198,0,活动互动
9199,0,活动互动
9200,0,活动互动
9201,0,活动互动
9202,0,活动互动
9203,0,活动互动
9204,0,活动互动
9205,0,活动互动
9206,0,活动互动
9207,0,活动互动
9208,1,活动互动/沉睡/回流/高活跃
9209,0,活动互动
9210,0,活动互动
9211,0,活动互动
9212,0,活动互动
9213,1,活动互动/沉睡/回流/高活跃
9214,0,活动互动
9215,0,活动互动
9216,0,活动互动
9217,0,活动互动
9218,0,活动互动
9219,0,活动互动
9220,0,活动互动
9221,0,活动互动
9222,0,活动互动
9223,0,活动互动
9224,0,活动互动
9225,0,活动互动
9226,0,活动互动
9227,0,活动互动
9228,0,活动互动
9229,0,活动互动
9230,0,活动互动
9231,0,活动互动
9232,0,活动互动
9233,1,活动互动/沉睡/回流/高活跃
9234,0,活动互动
9235,0,活动互动
9236,0,活动互动
9237,0,活动互动
9238,0,活动互动
9239,0,活动互动
9240,0,活动互动
9241,0,活动互动
9242,0,活动互动
9243,0,活动互动
9244,0,活动互动
9245,0,活动互动
9246,0,活动互动
9247,0,活动互动
9248,0,活动互动
9249,0,活动互动
9250,0,活动互动
9251,0,活动互动
9252,0,活动互动
9253,0,活动互动
9254,0,活动互动
9255,0,活动互动
9256,0,活动互动
9257,0,活动互动
9258,0,活动互动
9259,0,活动互动
9260,0,活动互动
9261,1,活动互动/沉睡/回流/高活跃
9262,0,活动互动
9263,0,活动互动
9264,0,活动互动
9265,0,活动互动
9266,0,活动互动
9267,1,活动互动/沉睡/回流/高活跃
9268,0,活动互动
9269,0,活动互动
9270,0,活动互动
9271,1,活动互动/沉睡/回流/高活跃
9272,0,活动互动
9273,0,活动互动
9274,0,活动互动
9275,0,活动互动
9276,0,活动互动
9277,0,活动互动
9278,0,活动互动
9279,0,活动互动
9280,1,活动互动/沉睡/回流/高活跃
9281,0,活动互动
9282,0,活动互动
9283,0,活动互动
9284,0,活动互动
9285,0,活动互动
9286,0,活动互动
9287,0,活动互动
9288,0,活动互动
9289,0,活动互动
9290,0,活动互动
9291,0,活动互动
9292,0,活动互动
9293,0,活动互动
9294,0,活动互动
9295,0,活动互动
9296,0,活动互动
9297,0,活动互动
9298,0,活动互动
9299,1,活动互动/沉睡/回流/高活跃
9300,0,活动互动
9301,0,活动互动
9302,0,活动互动
9303,1,活动互动/沉睡/回流/高活跃
9304,0,活动互动
9305,0,活动互动
9306,0,活动互动
9307,0,活动互动
9308,1,活动互动/沉睡/回流/高活跃
9309,0,活动互动
9310,0,活动互动
9311,0,活动互动
9312,0,活动互动
9313,0,活动互动
9314,1,活动互动/沉睡/回流/高活跃
9315,0,活动互动
9316,0,活动互动
9317,0,活动互动
9318,0,活动互动
9319,0,活动互动
9320,0,活动互动
9321,0,活动互动
9322,0,活动互动
9323,0,活动互动
9324,1,活动互动/沉睡/回流/高活跃
9325,0,活动互动
9326,0,活动互动
9327,0,活动互动
9328,0,活动互动
9329,0,活动互动
9330,0,活动互动
9331,0,活动互动
9332,1,活动互动/沉睡/回流/高活跃
9333,1,活动互动/沉睡/回流/高活跃
9334,0,活动互动
9335,0,活动互动
9336,0,活动互动
9337,0,活动互动
9338,0,活动互动
9339,0,活动互动
9340,0,活动互动
9341,0,活动互动
9342,0,活动互动
9343,1,活动互动/沉睡/回流/高活跃
9344,0,活动互动
9345,0,活动互动
9346,0,活动互动
9347,0,活动互动
9348,0,活动互动
9349,0,活动互动
9350,0,活动互动
9351,0,活动互动
9352,0,活动互动
9353,0,活动互动
9354,0,活动互动
9355,0,活动互动
9356,0,活动互动
9357,0,活动互动
9358,1,活动互动/沉睡/回流/高活跃
9359,0,活动互动
9360,0,活动互动
9361,0,活动互动
9362,0,活动互动
9363,0,活动互动
9364,0,活动互动
9365,0,活动互动
9366,0,活动互动
9367,0,活动互动
9368,1,活动互动/沉睡/回流/高活跃
9369,0,活动互动
9370,0,活动互动
9371,0,活动互动
9372,0,活动互动
9373,0,活动互动
9374,0,活动互动
9375,0,活动互动
9376,0,活动互动
9377,0,活动互动
9378,0,活动互动
9379,0,活动互动
9380,0,活动互动
9381,0,活动互动
9382,0,活动互动
9383,0,活动互动
9384,0,活动互动
9385,1,活动互动/沉睡/回流/高活跃
9386,1,活动互动/沉睡/回流/高活跃
9387,0,活动互动
9388,0,活动互动
9389,0,活动互动
9390,1,活动互动/沉睡/回流/高活跃
9391,0,活动互动
9392,1,活动互动/沉睡/回流/高活跃
9393,1,活动互动/沉睡/回流/高活跃
9394,0,活动互动
9395,1,活动互动/沉睡/回流/高活跃
9396,0,活动互动
9397,0,活动互动
9398,1,活动互动/沉睡/回流/高活跃
9399,1,活动互动/沉睡/回流/高活跃
9400,1,活动互动/沉睡/回流/高活跃
9401,1,活动互动/沉睡/回流/高活跃
9402,1,活动互动/沉睡/回流/高活跃
9403,1,活动互动/沉睡/回流/高活跃
9404,1,活动互动/沉睡/回流/高活跃
9405,1,活动互动/沉睡/回流/高活跃
9406,1,活动互动/沉睡/回流/高活跃
9407,1,活动互动/沉睡/回流/高活跃
9408,1,活动互动/沉睡/回流/高活跃
9409,0,活动互动
9410,0,活动互动
9411,1,活动互动/沉睡/回流/高活跃
9412,0,活动互动
9413,0,活动互动
9414,1,活动互动/沉睡/回流/高活跃
9415,0,活动互动
9416,0,活动互动
9417,0,活动互动
9418,1,活动互动/沉睡/回流/高活跃
9419,0,活动互动
9420,1,活动互动/沉睡/回流/高活跃
9421,0,活动互动
9422,0,活动互动
9423,0,活动互动
9424,0,活动互动
9425,0,活动互动
9426,0,活动互动
9427,1,活动互动/沉睡/回流/高活跃
9428,0,活动互动
9429,1,活动互动/沉睡/回流/高活跃
9430,1,活动互动/沉睡/回流/高活跃
9431,1,活动互动/沉睡/回流/高活跃
9432,1,活动互动/沉睡/回流/高活跃
9433,1,活动互动/沉睡/回流/高活跃
9434,1,活动互动/沉睡/回流/高活跃
9435,1,活动互动/沉睡/回流/高活跃
9436,1,活动互动/沉睡/回流/高活跃
9437,1,活动互动/沉睡/回流/高活跃
9438,1,活动互动/沉睡/回流/高活跃
9439,1,活动互动/沉睡/回流/高活跃
9440,1,活动互动/沉睡/回流/高活跃
9441,1,活动互动/沉睡/回流/高活跃
9442,0,活动互动
9443,1,活动互动/沉睡/回流/高活跃
9444,0,活动互动
9445,0,活动互动
9446,1,活动互动/沉睡/回流/高活跃
9447,0,活动互动
9448,1,活动互动/沉睡/回流/高活跃
9449,1,活动互动/沉睡/回流/高活跃
9450,1,活动互动/沉睡/回流/高活跃
9451,1,活动互动/沉睡/回流/高活跃
9452,0,活动互动
9453,1,活动互动/沉睡/回流/高活跃
9454,1,活动互动/沉睡/回流/高活跃
9455,1,活动互动/沉睡/回流/高活跃
9456,1,活动互动/沉睡/回流/高活跃
9457,1,活动互动/沉睡/回流/高活跃
9458,1,活动互动/沉睡/回流/高活跃
9459,1,活动互动/沉睡/回流/高活跃
9460,1,活动互动/沉睡/回流/高活跃
9461,1,活动互动/沉睡/回流/高活跃
9462,1,活动互动/沉睡/回流/高活跃
9463,1,活动互动/沉睡/回流/高活跃
9464,1,活动互动/沉睡/回流/高活跃
9465,1,活动互动/沉睡/回流/高活跃
9466,1,活动互动/沉睡/回流/高活跃
9467,0,活动互动
9468,1,活动互动/沉睡/回流/高活跃
9469,1,活动互动/沉睡/回流/高活跃
9470,1,活动互动/沉睡/回流/高活跃
9471,1,活动互动/沉睡/回流/高活跃
9472,1,活动互动/沉睡/回流/高活跃
9473,0,活动互动
9474,1,活动互动/沉睡/回流/高活跃
9475,1,活动互动/沉睡/回流/高活跃
9476,1,活动互动/沉睡/回流/高活跃
9477,1,活动互动/沉睡/回流/高活跃
9478,1,活动互动/沉睡/回流/高活跃
9479,1,活动互动/沉睡/回流/高活跃
9480,1,活动互动/沉睡/回流/高活跃
9481,1,活动互动/沉睡/回流/高活跃
9482,1,活动互动/沉睡/回流/高活跃
9483,1,活动互动/沉睡/回流/高活跃
9484,1,活动互动/沉睡/回流/高活跃
9485,1,活动互动/沉睡/回流/高活跃
9486,1,活动互动/沉睡/回流/高活跃
9487,1,活动互动/沉睡/回流/高活跃
9488,0,活动互动
9489,0,活动互动
9490,1,活动互动/沉睡/回流/高活跃
9491,1,活动互动/沉睡/回流/高活跃
9492,0,活动互动
9493,0,活动互动
9494,1,活动互动/沉睡/回流/高活跃
9495,1,活动互动/沉睡/回流/高活跃
9496,1,活动互动/沉睡/回流/高活跃
9497,1,活动互动/沉睡/回流/高活跃
9498,1,活动互动/沉睡/回流/高活跃
9499,1,活动互动/沉睡/回流/高活跃
9500,1,活动互动/沉睡/回流/高活跃
9501,1,活动互动/沉睡/回流/高活跃
9502,1,活动互动/沉睡/回流/高活跃
9503,0,活动互动
9504,1,活动互动/沉睡/回流/高活跃
9505,1,活动互动/沉睡/回流/高活跃
9506,1,活动互动/沉睡/回流/高活跃
9507,0,活动互动
9508,1,活动互动/沉睡/回流/高活跃
9509,1,活动互动/沉睡/回流/高活跃
9510,1,活动互动/沉睡/回流/高活跃
9511,1,活动互动/沉睡/回流/高活跃
9512,1,活动互动/沉睡/回流/高活跃
9513,1,活动互动/沉睡/回流/高活跃
9514,0,活动互动
9515,1,活动互动/沉睡/回流/高活跃
9516,0,活动互动
9517,0,活动互动
9518,1,活动互动/沉睡/回流/高活跃
9519,1,活动互动/沉睡/回流/高活跃
9520,1,活动互动/沉睡/回流/高活跃
9521,0,活动互动
9522,0,活动互动
9523,0,活动互动
9524,0,活动互动
9525,0,活动互动
9526,1,活动互动/沉睡/回流/高活跃
9527,1,活动互动/沉睡/回流/高活跃
9528,1,活动互动/沉睡/回流/高活跃
9529,0,活动互动
9530,1,活动互动/沉睡/回流/高活跃
9531,1,活动互动/沉睡/回流/高活跃
9532,1,活动互动/沉睡/回流/高活跃
9533,0,活动互动
9534,1,活动互动/沉睡/回流/高活跃
9535,0,活动互动
9536,0,活动互动
9537,1,活动互动/沉睡/回流/高活跃
9538,0,活动互动
9539,0,活动互动
9540,0,活动互动
9541,0,活动互动
9542,0,活动互动
9543,1,活动互动/沉睡/回流/高活跃
9544,0,活动互动
9545,1,活动互动/沉睡/回流/高活跃
9546,0,活动互动
9547,0,活动互动
9548,0,活动互动
9549,1,活动互动/沉睡/回流/高活跃
9550,1,活动互动/沉睡/回流/高活跃
9551,1,活动互动/沉睡/回流/高活跃
9552,0,活动互动
9553,0,活动互动
9554,1,活动互动/沉睡/回流/高活跃
9555,0,活动互动
9556,1,活动互动/沉睡/回流/高活跃
9557,1,活动互动/沉睡/回流/高活跃
9558,1,活动互动/沉睡/回流/高活跃
9559,0,活动互动
9560,1,活动互动/沉睡/回流/高活跃
9561,1,活动互动/沉睡/回流/高活跃
9562,1,活动互动/沉睡/回流/高活跃
9563,1,活动互动/沉睡/回流/高活跃
9564,1,活动互动/沉睡/回流/高活跃
9565,1,活动互动/沉睡/回流/高活跃
9566,0,活动互动
9567,0,活动互动
9568,1,活动互动/沉睡/回流/高活跃
9569,0,活动互动
9570,1,活动互动/沉睡/回流/高活跃
9571,1,活动互动/沉睡/回流/高活跃
9572,1,活动互动/沉睡/回流/高活跃
9573,1,活动互动/沉睡/回流/高活跃
9574,0,活动互动
9575,0,活动互动
9576,0,活动互动
9577,0,活动互动
9578,0,活动互动
9579,1,活动互动/沉睡/回流/高活跃
9580,0,活动互动
9581,1,活动互动/沉睡/回流/高活跃
9582,0,活动互动
9583,0,活动互动
9584,0,活动互动
9585,1,活动互动/沉睡/回流/高活跃
9586,1,活动互动/沉睡/回流/高活跃
9587,1,活动互动/沉睡/回流/高活跃
9588,0,活动互动
9589,0,活动互动
9590,1,活动互动/沉睡/回流/高活跃
9591,1,活动互动/沉睡/回流/高活跃
9592,0,活动互动
9593,1,活动互动/沉睡/回流/高活跃
9594,1,活动互动/沉睡/回流/高活跃
9595,0,活动互动
9596,0,活动互动
9597,0,活动互动
9598,0,活动互动
9599,1,活动互动/沉睡/回流/高活跃
9600,1,活动互动/沉睡/回流/高活跃
9601,1,活动互动/沉睡/回流/高活跃
9602,1,活动互动/沉睡/回流/高活跃
9603,1,活动互动/沉睡/回流/高活跃
9604,0,活动互动
9605,0,活动互动
9606,0,活动互动
9607,1,活动互动/沉睡/回流/高活跃
9608,1,活动互动/沉睡/回流/高活跃
9609,1,活动互动/沉睡/回流/高活跃
9610,0,活动互动
9611,0,活动互动
9612,0,活动互动
9613,1,活动互动/沉睡/回流/高活跃
9614,0,活动互动
9615,0,活动互动
9616,0,活动互动
9617,1,活动互动/沉睡/回流/高活跃
9618,1,活动互动/沉睡/回流/高活跃
9619,1,活动互动/沉睡/回流/高活跃
9620,0,活动互动
9621,0,活动互动
9622,1,活动互动/沉睡/回流/高活跃
9623,0,活动互动
9624,0,活动互动
9625,0,活动互动
9626,1,活动互动/沉睡/回流/高活跃
9627,1,活动互动/沉睡/回流/高活跃
9628,0,活动互动
9629,0,活动互动
9630,1,活动互动/沉睡/回流/高活跃
9631,0,活动互动
9632,1,活动互动/沉睡/回流/高活跃
9633,0,活动互动
9634,0,活动互动
9635,0,活动互动
9636,1,活动互动/沉睡/回流/高活跃
9637,1,活动互动/沉睡/回流/高活跃
9638,1,活动互动/沉睡/回流/高活跃
9639,0,活动互动
9640,1,活动互动/沉睡/回流/高活跃
9641,0,活动互动
9642,1,活动互动/沉睡/回流/高活跃
9643,1,活动互动/沉睡/回流/高活跃
9644,0,活动互动
9645,1,活动互动/沉睡/回流/高活跃
9646,0,活动互动
9647,0,活动互动
9648,1,活动互动/沉睡/回流/高活跃
9649,1,活动互动/沉睡/回流/高活跃
9650,0,活动互动
9651,1,活动互动/沉睡/回流/高活跃
9652,1,活动互动/沉睡/回流/高活跃
9653,0,活动互动
9654,0,活动互动
9655,0,活动互动
9656,0,活动互动
9657,1,活动互动/沉睡/回流/高活跃
9658,0,活动互动
9659,1,活动互动/沉睡/回流/高活跃
9660,1,活动互动/沉睡/回流/高活跃
9661,0,活动互动
9662,1,活动互动/沉睡/回流/高活跃
9663,1,活动互动/沉睡/回流/高活跃
9664,1,活动互动/沉睡/回流/高活跃
9665,1,活动互动/沉睡/回流/高活跃
9666,0,活动互动
9667,1,活动互动/沉睡/回流/高活跃
9668,0,活动互动
9669,0,活动互动
9670,0,活动互动
9671,1,活动互动/沉睡/回流/高活跃
9672,1,活动互动/沉睡/回流/高活跃
9673,1,活动互动/沉睡/回流/高活跃
9674,1,活动互动/沉睡/回流/高活跃
9675,1,活动互动/沉睡/回流/高活跃
9676,1,活动互动/沉睡/回流/高活跃
9677,1,活动互动/沉睡/回流/高活跃
9678,1,活动互动/沉睡/回流/高活跃
9679,1,活动互动/沉睡/回流/高活跃
9680,1,活动互动/沉睡/回流/高活跃
9681,1,活动互动/沉睡/回流/高活跃
9682,0,活动互动
9683,1,活动互动/沉睡/回流/高活跃
9684,1,活动互动/沉睡/回流/高活跃
9685,1,活动互动/沉睡/回流/高活跃
9686,1,活动互动/沉睡/回流/高活跃
9687,1,活动互动/沉睡/回流/高活跃
9688,0,活动互动
9689,1,活动互动/沉睡/回流/高活跃
9690,1,活动互动/沉睡/回流/高活跃
9691,1,活动互动/沉睡/回流/高活跃
9692,1,活动互动/沉睡/回流/高活跃
9693,1,活动互动/沉睡/回流/高活跃
9694,1,活动互动/沉睡/回流/高活跃
9695,1,活动互动/沉睡/回流/高活跃
9696,1,活动互动/沉睡/回流/高活跃
9697,1,活动互动/沉睡/回流/高活跃
9698,1,活动互动/沉睡/回流/高活跃
9699,1,活动互动/沉睡/回流/高活跃
9700,1,活动互动/沉睡/回流/高活跃
9701,1,活动互动/沉睡/回流/高活跃
9702,1,活动互动/沉睡/回流/高活跃
9703,1,活动互动/沉睡/回流/高活跃
9704,0,活动互动
9705,1,活动互动/沉睡/回流/高活跃
9706,0,活动互动
9707,0,活动互动
9708,1,活动互动/沉睡/回流/高活跃
9709,1,活动互动/沉睡/回流/高活跃
9710,1,活动互动/沉睡/回流/高活跃
9711,1,活动互动/沉睡/回流/高活跃
9712,0,活动互动
9713,1,活动互动/沉睡/回流/高活跃
9714,1,活动互动/沉睡/回流/高活跃
9715,1,活动互动/沉睡/回流/高活跃
9716,1,活动互动/沉睡/回流/高活跃
9717,1,活动互动/沉睡/回流/高活跃
9718,1,活动互动/沉睡/回流/高活跃
9719,1,活动互动/沉睡/回流/高活跃
9720,1,活动互动/沉睡/回流/高活跃
9721,1,活动互动/沉睡/回流/高活跃
9722,1,活动互动/沉睡/回流/高活跃
9723,1,活动互动/沉睡/回流/高活跃
9724,1,活动互动/沉睡/回流/高活跃
9725,1,活动互动/沉睡/回流/高活跃
9726,1,活动互动/沉睡/回流/高活跃
9727,0,活动互动
9728,1,活动互动/沉睡/回流/高活跃
9729,1,活动互动/沉睡/回流/高活跃
9730,1,活动互动/沉睡/回流/高活跃
9731,1,活动互动/沉睡/回流/高活跃
9732,0,活动互动
9733,0,活动互动
9734,0,活动互动
9735,1,活动互动/沉睡/回流/高活跃
9736,0,活动互动
9737,1,活动互动/沉睡/回流/高活跃
9738,1,活动互动/沉睡/回流/高活跃
9739,1,活动互动/沉睡/回流/高活跃
9740,1,活动互动/沉睡/回流/高活跃
9741,0,活动互动
9742,1,活动互动/沉睡/回流/高活跃
9743,1,活动互动/沉睡/回流/高活跃
9744,1,活动互动/沉睡/回流/高活跃
9745,1,活动互动/沉睡/回流/高活跃
9746,1,活动互动/沉睡/回流/高活跃
9747,1,活动互动/沉睡/回流/高活跃
9748,1,活动互动/沉睡/回流/高活跃
9749,1,活动互动/沉睡/回流/高活跃
9750,1,活动互动/沉睡/回流/高活跃
9751,0,活动互动
9752,1,活动互动/沉睡/回流/高活跃
9753,1,活动互动/沉睡/回流/高活跃
9754,1,活动互动/沉睡/回流/高活跃
9755,0,活动互动
9756,1,活动互动/沉睡/回流/高活跃
9757,1,活动互动/沉睡/回流/高活跃
9758,1,活动互动/沉睡/回流/高活跃
9759,1,活动互动/沉睡/回流/高活跃
9760,1,活动互动/沉睡/回流/高活跃
9761,1,活动互动/沉睡/回流/高活跃
9762,1,活动互动/沉睡/回流/高活跃
9763,0,活动互动
9764,0,活动互动
9765,1,活动互动/沉睡/回流/高活跃
9766,1,活动互动/沉睡/回流/高活跃
9767,0,活动互动
9768,1,活动互动/沉睡/回流/高活跃
9769,0,活动互动
9770,0,活动互动
9771,0,活动互动
9772,1,活动互动/沉睡/回流/高活跃
9773,0,活动互动
9774,0,活动互动
9775,0,活动互动
9776,0,活动互动
9777,0,活动互动
9778,0,活动互动
9779,0,活动互动
9780,0,活动互动
9781,0,活动互动
9782,0,活动互动
9783,0,活动互动
9784,1,活动互动/沉睡/回流/高活跃
9785,0,活动互动
9786,1,活动互动/沉睡/回流/高活跃
9787,0,活动互动
9788,0,活动互动
9789,0,活动互动
9790,1,活动互动/沉睡/回流/高活跃
9791,0,活动互动
9792,1,活动互动/沉睡/回流/高活跃
9793,0,活动互动
9794,0,活动互动
9795,1,活动互动/沉睡/回流/高活跃
9796,0,活动互动
9797,1,活动互动/沉睡/回流/高活跃
9798,1,活动互动/沉睡/回流/高活跃
9799,1,活动互动/沉睡/回流/高活跃
9800,0,活动互动
9801,0,活动互动
9802,1,活动互动/沉睡/回流/高活跃
9803,0,活动互动
9804,0,活动互动
9805,0,活动互动
9806,1,活动互动/沉睡/回流/高活跃
9807,0,活动互动
9808,1,活动互动/沉睡/回流/高活跃
9809,1,活动互动/沉睡/回流/高活跃
9810,1,活动互动/沉睡/回流/高活跃
9811,0,活动互动
9812,1,活动互动/沉睡/回流/高活跃
9813,0,活动互动
9814,0,活动互动
9815,0,活动互动
9816,0,活动互动
9817,0,活动互动
9818,1,活动互动/沉睡/回流/高活跃
9819,0,活动互动
9820,1,活动互动/沉睡/回流/高活跃
9821,0,活动互动
9822,0,活动互动
9823,1,活动互动/沉睡/回流/高活跃
9824,0,活动互动
9825,0,活动互动
9826,1,活动互动/沉睡/回流/高活跃
9827,0,活动互动
9828,0,活动互动
9829,0,活动互动
9830,0,活动互动
9831,0,活动互动
9832,0,活动互动
9833,1,活动互动/沉睡/回流/高活跃
9834,0,活动互动
9835,0,活动互动
9836,0,活动互动
9837,0,活动互动
9838,0,活动互动
9839,1,活动互动/沉睡/回流/高活跃
9840,1,活动互动/沉睡/回流/高活跃
9841,0,活动互动
9842,0,活动互动
9843,0,活动互动
9844,0,活动互动
9845,0,活动互动
9846,1,活动互动/沉睡/回流/高活跃
9847,0,活动互动
9848,0,活动互动
9849,1,活动互动/沉睡/回流/高活跃
9850,1,活动互动/沉睡/回流/高活跃
9851,1,活动互动/沉睡/回流/高活跃
9852,0,活动互动
9853,0,活动互动
9854,1,活动互动/沉睡/回流/高活跃
9855,0,活动互动
9856,0,活动互动
9857,0,活动互动
9858,1,活动互动/沉睡/回流/高活跃
9859,0,活动互动
9860,0,活动互动
9861,1,活动互动/沉睡/回流/高活跃
9862,1,活动互动/沉睡/回流/高活跃
9863,0,活动互动
9864,0,活动互动
9865,0,活动互动
9866,0,活动互动
9867,1,活动互动/沉睡/回流/高活跃
9868,0,活动互动
9869,0,活动互动
9870,0,活动互动
9871,1,活动互动/沉睡/回流/高活跃
9872,0,活动互动
9873,0,活动互动
9874,0,活动互动
9875,1,活动互动/沉睡/回流/高活跃
9876,0,活动互动
9877,0,活动互动
9878,1,活动互动/沉睡/回流/高活跃
9879,1,活动互动/沉睡/回流/高活跃
9880,0,活动互动
9881,1,活动互动/沉睡/回流/高活跃
9882,1,活动互动/沉睡/回流/高活跃
9883,1,活动互动/沉睡/回流/高活跃
9884,1,活动互动/沉睡/回流/高活跃
9885,1,活动互动/沉睡/回流/高活跃
9886,1,活动互动/沉睡/回流/高活跃
9887,1,活动互动/沉睡/回流/高活跃
9888,1,活动互动/沉睡/回流/高活跃
9889,0,活动互动
9890,0,活动互动
9891,1,活动互动/沉睡/回流/高活跃
9892,1,活动互动/沉睡/回流/高活跃
9893,0,活动互动
9894,1,活动互动/沉睡/回流/高活跃
9895,1,活动互动/沉睡/回流/高活跃
9896,0,活动互动
9897,0,活动互动
9898,1,活动互动/沉睡/回流/高活跃
9899,0,活动互动
9900,0,活动互动
9901,0,活动互动
9902,0,活动互动
9903,1,活动互动/沉睡/回流/高活跃
9904,1,活动互动/沉睡/回流/高活跃
9905,1,活动互动/沉睡/回流/高活跃
9906,0,活动互动
9907,0,活动互动
9908,1,活动互动/沉睡/回流/高活跃
9909,0,活动互动
9910,1,活动互动/沉睡/回流/高活跃
9911,0,活动互动
9912,1,活动互动/沉睡/回流/高活跃
9913,0,活动互动
9914,1,活动互动/沉睡/回流/高活跃
9915,1,活动互动/沉睡/回流/高活跃
9916,1,活动互动/沉睡/回流/高活跃
9917,0,活动互动
9918,0,活动互动
9919,0,活动互动
9920,0,活动互动
9921,1,活动互动/沉睡/回流/高活跃
9922,0,活动互动
9923,1,活动互动/沉睡/回流/高活跃
9924,1,活动互动/沉睡/回流/高活跃
9925,1,活动互动/沉睡/回流/高活跃
9926,0,活动互动
9927,1,活动互动/沉睡/回流/高活跃
9928,1,活动互动/沉睡/回流/高活跃
9929,1,活动互动/沉睡/回流/高活跃
9930,0,活动互动
9931,0,活动互动
9932,0,活动互动
9933,1,活动互动/沉睡/回流/高活跃
9934,1,活动互动/沉睡/回流/高活跃
9935,0,活动互动
9936,0,活动互动
9937,1,活动互动/沉睡/回流/高活跃
9938,1,活动互动/沉睡/回流/高活跃
9939,0,活动互动
9940,0,活动互动
9941,0,活动互动
9942,0,活动互动
9943,0,活动互动
9944,0,活动互动
9945,0,活动互动
9946,1,活动互动/沉睡/回流/高活跃
9947,1,活动互动/沉睡/回流/高活跃
9948,0,活动互动
9949,1,活动互动/沉睡/回流/高活跃
9950,0,活动互动
9951,0,活动互动
9952,0,活动互动
9953,0,活动互动
9954,1,活动互动/沉睡/回流/高活跃
9955,0,活动互动
9956,0,活动互动
9957,0,活动互动
9958,0,活动互动
9959,1,活动互动/沉睡/回流/高活跃
9960,0,活动互动
9961,0,活动互动
9962,0,活动互动
9963,0,活动互动
9964,0,活动互动
9965,0,活动互动
9966,1,活动互动/沉睡/回流/高活跃
9967,0,活动互动
9968,0,活动互动
9969,0,活动互动
9970,0,活动互动
9971,0,活动互动
9972,0,活动互动
9973,0,活动互动
9974,1,活动互动/沉睡/回流/高活跃
9975,0,活动互动
9976,1,活动互动/沉睡/回流/高活跃
9977,0,活动互动
9978,0,活动互动
9979,1,活动互动/沉睡/回流/高活跃
9980,0,活动互动
9981,0,活动互动
9982,1,活动互动/沉睡/回流/高活跃
9983,0,活动互动
9984,0,活动互动
9985,0,活动互动
9986,1,活动互动/沉睡/回流/高活跃
9987,0,活动互动
9988,0,活动互动
9989,0,活动互动
9990,0,活动互动
9991,0,活动互动
9992,0,活动互动
9993,1,活动互动/沉睡/回流/高活跃
9994,1,活动互动/沉睡/回流/高活跃
9995,0,活动互动
9996,1,活动互动/沉睡/回流/高活跃
9997,1,活动互动/沉睡/回流/高活跃
9998,0,活动互动
9999,0,活动互动
10000,0,活动互动
10001,0,活动互动
10002,0,活动互动
10003,0,活动互动
10004,0,活动互动
10005,0,活动互动
10006,0,活动互动
10007,0,活动互动
10008,0,活动互动
10009,1,活动互动/沉睡/回流/高活跃
10010,0,活动互动
10011,1,活动互动/沉睡/回流/高活跃
10012,0,活动互动
10013,0,活动互动
10014,0,活动互动
10015,0,活动互动
10016,0,活动互动
10017,1,活动互动/沉睡/回流/高活跃
10018,0,活动互动
10019,0,活动互动
10020,0,活动互动
10021,0,活动互动
10022,0,活动互动
10023,0,活动互动
10024,0,活动互动
10025,0,活动互动
10026,0,活动互动
10027,0,活动互动
10028,0,活动互动
10029,0,活动互动
10030,1,活动互动/沉睡/回流/高活跃
10031,0,活动互动
10032,0,活动互动
10033,1,活动互动/沉睡/回流/高活跃
10034,0,活动互动
10035,0,活动互动
10036,0,活动互动
10037,0,活动互动
10038,0,活动互动
10039,0,活动互动
10040,0,活动互动
10041,0,活动互动
10042,1,活动互动/沉睡/回流/高活跃
10043,0,活动互动
10044,0,活动互动
10045,0,活动互动
10046,0,活动互动
10047,0,活动互动
10048,1,活动互动/沉睡/回流/高活跃
10049,0,活动互动
10050,0,活动互动
10051,0,活动互动
10052,0,活动互动
10053,0,活动互动
10054,0,活动互动
10055,0,活动互动
10056,0,活动互动
10057,0,活动互动
10058,0,活动互动
10059,1,活动互动/沉睡/回流/高活跃
10060,0,活动互动
10061,0,活动互动
10062,0,活动互动
10063,0,活动互动
10064,0,活动互动
10065,0,活动互动
10066,0,活动互动
10067,0,活动互动
10068,0,活动互动
10069,0,活动互动
10070,0,活动互动
10071,0,活动互动
10072,0,活动互动
10073,0,活动互动
10074,0,活动互动
10075,1,活动互动/沉睡/回流/高活跃
10076,0,活动互动
10077,0,活动互动
10078,0,活动互动
10079,1,活动互动/沉睡/回流/高活跃
10080,0,活动互动
10081,0,活动互动
10082,0,活动互动
10083,0,活动互动
10084,0,活动互动
10085,0,活动互动
10086,0,活动互动
10087,0,活动互动
10088,0,活动互动
10089,0,活动互动
10090,0,活动互动
10091,0,活动互动
10092,0,活动互动
10093,0,活动互动
10094,1,活动互动/沉睡/回流/高活跃
10095,1,活动互动/沉睡/回流/高活跃
10096,0,活动互动
10097,0,活动互动
10098,0,活动互动
10099,0,活动互动
10100,0,活动互动
10101,0,活动互动
10102,1,活动互动/沉睡/回流/高活跃
10103,0,活动互动
10104,0,活动互动
10105,0,活动互动
10106,0,活动互动
10107,0,活动互动
10108,0,活动互动
10109,1,活动互动/沉睡/回流/高活跃
10110,0,活动互动
10111,0,活动互动
10112,1,活动互动/沉睡/回流/高活跃
10113,0,活动互动
10114,0,活动互动
10115,0,活动互动
10116,0,活动互动
10117,0,活动互动
10118,0,活动互动
10119,0,活动互动
10120,1,活动互动/沉睡/回流/高活跃
10121,1,活动互动/沉睡/回流/高活跃
10122,0,活动互动
10123,0,活动互动
10124,0,活动互动
10125,0,活动互动
10126,0,活动互动
10127,0,活动互动
10128,0,活动互动
10129,0,活动互动
10130,0,活动互动
10131,0,活动互动
10132,0,活动互动
10133,0,活动互动
10134,0,活动互动
10135,0,活动互动
10136,0,活动互动
10137,0,活动互动
10138,0,活动互动
10139,0,活动互动
10140,0,活动互动
10141,0,活动互动
10142,0,活动互动
10143,0,活动互动
10144,0,活动互动
10145,0,活动互动
10146,0,活动互动
10147,0,活动互动
10148,0,活动互动
10149,0,活动互动
10150,0,活动互动
10151,0,活动互动
10152,0,活动互动
10153,0,活动互动
10154,0,活动互动
10155,0,活动互动
10156,0,活动互动
10157,1,活动互动/沉睡/回流/高活跃
10158,1,活动互动/沉睡/回流/高活跃
10159,1,活动互动/沉睡/回流/高活跃
10160,0,活动互动
10161,0,活动互动
10162,0,活动互动
10163,0,活动互动
10164,0,活动互动
10165,0,活动互动
10166,0,活动互动
10167,0,活动互动
10168,0,活动互动
10169,0,活动互动
10170,0,活动互动
10171,0,活动互动
10172,0,活动互动
10173,0,活动互动
10174,0,活动互动
10175,0,活动互动
10176,0,活动互动
10177,1,活动互动/沉睡/回流/高活跃
10178,0,活动互动
10179,0,活动互动
10180,0,活动互动
10181,0,活动互动
10182,0,活动互动
10183,0,活动互动
10184,0,活动互动
10185,0,活动互动
10186,0,活动互动
10187,0,活动互动
10188,0,活动互动
10189,0,活动互动
10190,0,活动互动
10191,0,活动互动
10192,0,活动互动
10193,0,活动互动
10194,1,活动互动/沉睡/回流/高活跃
10195,1,活动互动/沉睡/回流/高活跃
10196,0,活动互动
10197,0,活动互动
10198,0,活动互动
10199,1,活动互动/沉睡/回流/高活跃
10200,0,活动互动
10201,0,活动互动
10202,0,活动互动
10203,0,活动互动
10204,0,活动互动
10205,0,活动互动
10206,0,活动互动
10207,0,活动互动
10208,0,活动互动
10209,0,活动互动
10210,0,活动互动
10211,0,活动互动
10212,0,活动互动
10213,0,活动互动
10214,0,活动互动
10215,0,活动互动
10216,0,活动互动
10217,1,活动互动/沉睡/回流/高活跃
10218,0,活动互动
10219,0,活动互动
10220,0,活动互动
10221,0,活动互动
10222,0,活动互动
10223,0,活动互动
10224,0,活动互动
10225,0,活动互动
10226,0,活动互动
10227,0,活动互动
10228,0,活动互动
10229,0,活动互动
10230,0,活动互动
10231,0,活动互动
10232,0,活动互动
10233,0,活动互动
10234,0,活动互动
10235,0,活动互动
10236,0,活动互动
10237,0,活动互动
10238,0,活动互动
10239,0,活动互动
10240,0,活动互动
10241,1,活动互动/沉睡/回流/高活跃
10242,1,活动互动/沉睡/回流/高活跃
10243,0,活动互动
10244,0,活动互动
10245,0,活动互动
10246,0,活动互动
10247,1,活动互动/沉睡/回流/高活跃
10248,0,活动互动
10249,0,活动互动
10250,0,活动互动
10251,1,活动互动/沉睡/回流/高活跃
10252,0,活动互动
10253,0,活动互动
10254,0,活动互动
10255,0,活动互动
10256,0,活动互动
10257,0,活动互动
10258,0,活动互动
10259,0,活动互动
10260,0,活动互动
10261,0,活动互动
10262,0,活动互动
10263,0,活动互动
10264,0,活动互动
10265,0,活动互动
10266,0,活动互动
10267,0,活动互动
10268,1,活动互动/沉睡/回流/高活跃
10269,0,活动互动
10270,0,活动互动
10271,0,活动互动
10272,0,活动互动
10273,0,活动互动
10274,0,活动互动
10275,0,活动互动
10276,0,活动互动
10277,0,活动互动
10278,0,活动互动
10279,0,活动互动
10280,0,活动互动
10281,0,活动互动
10282,1,活动互动/沉睡/回流/高活跃
10283,0,活动互动
10284,0,活动互动
10285,0,活动互动
10286,0,活动互动
10287,0,活动互动
10288,0,活动互动
10289,0,活动互动
10290,0,活动互动
10291,1,活动互动/沉睡/回流/高活跃
10292,0,活动互动
10293,1,活动互动/沉睡/回流/高活跃
10294,0,活动互动
10295,0,活动互动
10296,0,活动互动
10297,0,活动互动
10298,0,活动互动
10299,0,活动互动
10300,0,活动互动
10301,0,活动互动
10302,0,活动互动
10303,0,活动互动
10304,0,活动互动
10305,1,活动互动/沉睡/回流/高活跃
10306,0,活动互动
10307,0,活动互动
10308,0,活动互动
10309,0,活动互动
10310,0,活动互动
10311,0,活动互动
10312,1,活动互动/沉睡/回流/高活跃
10313,0,活动互动
10314,0,活动互动
10315,0,活动互动
10316,0,活动互动
10317,0,活动互动
10318,0,活动互动
10319,0,活动互动
10320,0,活动互动
10321,0,活动互动
10322,0,活动互动
10323,1,活动互动/沉睡/回流/高活跃
10324,0,活动互动
10325,0,活动互动
10326,0,活动互动
10327,1,活动互动/沉睡/回流/高活跃
10328,0,活动互动
10329,0,活动互动
10330,0,活动互动
10331,0,活动互动
10332,1,活动互动/沉睡/回流/高活跃
10333,0,活动互动
10334,0,活动互动
10335,0,活动互动
10336,0,活动互动
10337,0,活动互动
10338,0,活动互动
10339,0,活动互动
10340,0,活动互动
10341,0,活动互动
10342,0,活动互动
10343,0,活动互动
10344,0,活动互动
10345,0,活动互动
10346,0,活动互动
10347,0,活动互动
10348,0,活动互动
10349,0,活动互动
10350,0,活动互动
10351,0,活动互动
10352,0,活动互动
10353,0,活动互动
10354,0,活动互动
10355,0,活动互动
10356,0,活动互动
10357,0,活动互动
10358,1,活动互动/沉睡/回流/高活跃
10359,0,活动互动
10360,0,活动互动
10361,0,活动互动
10362,0,活动互动
10363,0,活动互动
10364,1,活动互动/沉睡/回流/高活跃
10365,1,活动互动/沉睡/回流/高活跃
10366,0,活动互动
10367,1,活动互动/沉睡/回流/高活跃
10368,0,活动互动
10369,1,活动互动/沉睡/回流/高活跃
10370,1,活动互动/沉睡/回流/高活跃
10371,1,活动互动/沉睡/回流/高活跃
10372,0,活动互动
10373,1,活动互动/沉睡/回流/高活跃
10374,1,活动互动/沉睡/回流/高活跃
10375,1,活动互动/沉睡/回流/高活跃
10376,0,活动互动
10377,1,活动互动/沉睡/回流/高活跃
10378,0,活动互动
10379,0,活动互动
10380,0,活动互动
10381,0,活动互动
10382,0,活动互动
10383,0,活动互动
10384,0,活动互动
10385,0,活动互动
10386,0,活动互动
10387,0,活动互动
10388,1,活动互动/沉睡/回流/高活跃
10389,0,活动互动
10390,0,活动互动
10391,1,活动互动/沉睡/回流/高活跃
10392,0,活动互动
10393,0,活动互动
10394,0,活动互动
10395,0,活动互动
10396,0,活动互动
10397,0,活动互动
10398,0,活动互动
10399,0,活动互动
10400,0,活动互动
10401,0,活动互动
10402,0,活动互动
10403,0,活动互动
10404,1,活动互动/沉睡/回流/高活跃
10405,1,活动互动/沉睡/回流/高活跃
10406,0,活动互动
10407,0,活动互动
10408,0,活动互动
10409,0,活动互动
10410,0,活动互动
10411,0,活动互动
10412,0,活动互动
10413,0,活动互动
10414,1,活动互动/沉睡/回流/高活跃
10415,0,活动互动
10416,0,活动互动
10417,0,活动互动
10418,0,活动互动
10419,0,活动互动
10420,0,活动互动
10421,0,活动互动
10422,0,活动互动
10423,0,活动互动
10424,0,活动互动
10425,0,活动互动
10426,0,活动互动
10427,0,活动互动
10428,0,活动互动
10429,0,活动互动
10430,1,活动互动/沉睡/回流/高活跃
10431,0,活动互动
10432,1,活动互动/沉睡/回流/高活跃
10433,0,活动互动
10434,0,活动互动
10435,0,活动互动
10436,0,活动互动
10437,1,活动互动/沉睡/回流/高活跃
10438,0,活动互动
10439,0,活动互动
10440,1,活动互动/沉睡/回流/高活跃
10441,0,活动互动
10442,0,活动互动
10443,0,活动互动
10444,0,活动互动
10445,0,活动互动
10446,0,活动互动
10447,0,活动互动
10448,0,活动互动
10449,0,活动互动
10450,1,活动互动/沉睡/回流/高活跃
10451,0,活动互动
10452,1,活动互动/沉睡/回流/高活跃
10453,1,活动互动/沉睡/回流/高活跃
10454,0,活动互动
10455,0,活动互动
10456,1,活动互动/沉睡/回流/高活跃
10457,0,活动互动
10458,0,活动互动
10459,0,活动互动
10460,0,活动互动
10461,0,活动互动
10462,0,活动互动
10463,0,活动互动
10464,0,活动互动
10465,0,活动互动
10466,0,活动互动
10467,0,活动互动
10468,0,活动互动
10469,0,活动互动
10470,1,活动互动/沉睡/回流/高活跃
10471,0,活动互动
10472,0,活动互动
10473,0,活动互动
10474,0,活动互动
10475,0,活动互动
10476,0,活动互动
10477,0,活动互动
10478,0,活动互动
10479,0,活动互动
10480,0,活动互动
10481,0,活动互动
10482,0,活动互动
10483,0,活动互动
10484,1,活动互动/沉睡/回流/高活跃
10485,0,活动互动
10486,0,活动互动
10487,0,活动互动
10488,0,活动互动
10489,0,活动互动
10490,0,活动互动
10491,0,活动互动
10492,0,活动互动
10493,1,活动互动/沉睡/回流/高活跃
10494,0,活动互动
10495,0,活动互动
10496,0,活动互动
10497,0,活动互动
10498,0,活动互动
10499,0,活动互动
10500,0,活动互动
10501,0,活动互动
10502,0,活动互动
10503,0,活动互动
10504,0,活动互动
10505,0,活动互动
10506,1,活动互动/沉睡/回流/高活跃
10507,0,活动互动
10508,0,活动互动
10509,1,活动互动/沉睡/回流/高活跃
10510,0,活动互动
10511,1,活动互动/沉睡/回流/高活跃
10512,0,活动互动
10513,0,活动互动
10514,0,活动互动
10515,0,活动互动
10516,0,活动互动
10517,0,活动互动
10518,0,活动互动
10519,0,活动互动
10520,0,活动互动
10521,0,活动互动
10522,0,活动互动
10523,0,活动互动
10524,0,活动互动
10525,0,活动互动
10526,0,活动互动
10527,0,活动互动
10528,0,活动互动
10529,0,活动互动
10530,0,活动互动
10531,0,活动互动
10532,0,活动互动
10533,1,活动互动/沉睡/回流/高活跃
10534,0,活动互动
10535,0,活动互动
10536,1,活动互动/沉睡/回流/高活跃
10537,0,活动互动
10538,0,活动互动
10539,0,活动互动
10540,0,活动互动
10541,0,活动互动
10542,0,活动互动
10543,0,活动互动
10544,0,活动互动
10545,0,活动互动
10546,0,活动互动
10547,1,活动互动/沉睡/回流/高活跃
10548,0,活动互动
10549,0,活动互动
10550,0,活动互动
10551,0,活动互动
10552,0,活动互动
10553,1,活动互动/沉睡/回流/高活跃
10554,1,活动互动/沉睡/回流/高活跃
10555,1,活动互动/沉睡/回流/高活跃
10556,0,活动互动
10557,0,活动互动
10558,0,活动互动
10559,0,活动互动
10560,0,活动互动
10561,1,活动互动/沉睡/回流/高活跃
10562,0,活动互动
10563,0,活动互动
10564,0,活动互动
10565,0,活动互动
10566,0,活动互动
10567,0,活动互动
10568,0,活动互动
10569,0,活动互动
10570,0,活动互动
10571,0,活动互动
10572,1,活动互动/沉睡/回流/高活跃
10573,0,活动互动
10574,0,活动互动
10575,0,活动互动
10576,0,活动互动
10577,0,活动互动
10578,0,活动互动
10579,0,活动互动
10580,0,活动互动
10581,0,活动互动
10582,0,活动互动
10583,0,活动互动
10584,1,活动互动/沉睡/回流/高活跃
10585,0,活动互动
10586,0,活动互动
10587,0,活动互动
10588,0,活动互动
10589,1,活动互动/沉睡/回流/高活跃
10590,0,活动互动
10591,0,活动互动
10592,0,活动互动
10593,0,活动互动
10594,0,活动互动
10595,0,活动互动
10596,0,活动互动
10597,0,活动互动
10598,0,活动互动
10599,0,活动互动
10600,0,活动互动
10601,0,活动互动
10602,0,活动互动
10603,0,活动互动
10604,0,活动互动
10605,0,活动互动
10606,0,活动互动
10607,0,活动互动
10608,0,活动互动
10609,0,活动互动
10610,0,活动互动
10611,0,活动互动
10612,0,活动互动
10613,0,活动互动
10614,0,活动互动
10615,0,活动互动
10616,0,活动互动
10617,0,活动互动
10618,1,活动互动/沉睡/回流/高活跃
10619,0,活动互动
10620,0,活动互动
10621,0,活动互动
10622,0,活动互动
10623,1,活动互动/沉睡/回流/高活跃
10624,1,活动互动/沉睡/回流/高活跃
10625,0,活动互动
10626,0,活动互动
10627,0,活动互动
10628,0,活动互动
10629,0,活动互动
10630,0,活动互动
10631,1,活动互动/沉睡/回流/高活跃
10632,0,活动互动
10633,0,活动互动
10634,0,活动互动
10635,0,活动互动
10636,0,活动互动
10637,1,活动互动/沉睡/回流/高活跃
10638,0,活动互动
10639,0,活动互动
10640,0,活动互动
10641,1,活动互动/沉睡/回流/高活跃
10642,0,活动互动
10643,0,活动互动
10644,0,活动互动
10645,0,活动互动
10646,0,活动互动
10647,0,活动互动
10648,0,活动互动
10649,0,活动互动
10650,0,活动互动
10651,0,活动互动
10652,0,活动互动
10653,0,活动互动
10654,0,活动互动
10655,1,活动互动/沉睡/回流/高活跃
10656,0,活动互动
10657,0,活动互动
10658,0,活动互动
10659,0,活动互动
10660,0,活动互动
10661,0,活动互动
10662,0,活动互动
10663,0,活动互动
10664,1,活动互动/沉睡/回流/高活跃
10665,0,活动互动
10666,0,活动互动
10667,0,活动互动
10668,0,活动互动
10669,0,活动互动
10670,0,活动互动
10671,0,活动互动
10672,0,活动互动
10673,0,活动互动
10674,0,活动互动
10675,0,活动互动
10676,0,活动互动
10677,0,活动互动
10678,0,活动互动
10679,0,活动互动
10680,0,活动互动
10681,1,活动互动/沉睡/回流/高活跃
10682,0,活动互动
10683,0,活动互动
10684,0,活动互动
10685,0,活动互动
10686,0,活动互动
10687,0,活动互动
10688,0,活动互动
10689,0,活动互动
10690,0,活动互动
10691,0,活动互动
10692,0,活动互动
10693,0,活动互动
10694,0,活动互动
10695,0,活动互动
10696,0,活动互动
10697,0,活动互动
10698,1,活动互动/沉睡/回流/高活跃
10699,0,活动互动
10700,0,活动互动
10701,0,活动互动
10702,0,活动互动
10703,0,活动互动
10704,0,活动互动
10705,0,活动互动
10706,0,活动互动
10707,0,活动互动
10708,0,活动互动
10709,0,活动互动
10710,0,活动互动
10711,1,活动互动/沉睡/回流/高活跃
10712,0,活动互动
10713,0,活动互动
10714,0,活动互动
10715,0,活动互动
10716,0,活动互动
10717,0,活动互动
10718,0,活动互动
10719,0,活动互动
10720,0,活动互动
10721,0,活动互动
10722,0,活动互动
10723,0,活动互动
10724,0,活动互动
10725,0,活动互动
10726,0,活动互动
10727,0,活动互动
10728,0,活动互动
10729,0,活动互动
10730,0,活动互动
10731,0,活动互动
10732,0,活动互动
10733,0,活动互动
10734,0,活动互动
10735,0,活动互动
10736,0,活动互动
10737,0,活动互动
10738,0,活动互动
10739,0,活动互动
10740,0,活动互动
10741,0,活动互动
10742,0,活动互动
10743,0,活动互动
10744,0,活动互动
10745,0,活动互动
10746,0,活动互动
10747,0,活动互动
10748,0,活动互动
10749,0,活动互动
10750,0,活动互动
10751,0,活动互动
10752,0,活动互动
10753,0,活动互动
10754,0,活动互动
10755,0,活动互动
10756,0,活动互动
10757,0,活动互动
10758,0,活动互动
10759,0,活动互动
10760,0,活动互动
10761,0,活动互动
10762,0,活动互动
10763,0,活动互动
10764,0,活动互动
10765,0,活动互动
10766,0,活动互动
10767,1,活动互动/沉睡/回流/高活跃
10768,0,活动互动
10769,0,活动互动
10770,0,活动互动
10771,0,活动互动
10772,0,活动互动
10773,1,活动互动/沉睡/回流/高活跃
10774,1,活动互动/沉睡/回流/高活跃
10775,0,活动互动
10776,0,活动互动
10777,0,活动互动
10778,0,活动互动
10779,0,活动互动
10780,0,活动互动
10781,0,活动互动
10782,0,活动互动
10783,0,活动互动
10784,0,活动互动
10785,0,活动互动
10786,0,活动互动
10787,0,活动互动
10788,0,活动互动
10789,0,活动互动
10790,0,活动互动
10791,0,活动互动
10792,0,活动互动
10793,0,活动互动
10794,0,活动互动
10795,0,活动互动
10796,0,活动互动
10797,0,活动互动
10798,0,活动互动
10799,0,活动互动
10800,0,活动互动
10801,0,活动互动
10802,0,活动互动
10803,0,活动互动
10804,0,活动互动
10805,0,活动互动
10806,0,活动互动
10807,0,活动互动
10808,0,活动互动
10809,0,活动互动
10810,0,活动互动
10811,0,活动互动
10812,0,活动互动
10813,0,活动互动
10814,0,活动互动
10815,0,活动互动
10816,0,活动互动
10817,0,活动互动
10818,1,活动互动/沉睡/回流/高活跃
10819,0,活动互动
10820,1,活动互动/沉睡/回流/高活跃
10821,0,活动互动
10822,0,活动互动
10823,0,活动互动
10824,0,活动互动
10825,0,活动互动
10826,0,活动互动
10827,0,活动互动
10828,0,活动互动
10829,0,活动互动
10830,0,活动互动
10831,1,活动互动/沉睡/回流/高活跃
10832,0,活动互动
10833,0,活动互动
10834,0,活动互动
10835,0,活动互动
10836,0,活动互动
10837,0,活动互动
10838,0,活动互动
10839,0,活动互动
10840,0,活动互动
10841,0,活动互动
10842,0,活动互动
10843,0,活动互动
10844,0,活动互动
10845,0,活动互动
10846,0,活动互动
10847,0,活动互动
10848,0,活动互动
10849,0,活动互动
10850,0,活动互动
10851,1,活动互动/沉睡/回流/高活跃
10852,0,活动互动
10853,0,活动互动
10854,0,活动互动
10855,0,活动互动
10856,0,活动互动
10857,0,活动互动
10858,0,活动互动
10859,0,活动互动
10860,0,活动互动
10861,0,活动互动
10862,0,活动互动
10863,0,活动互动
10864,0,活动互动
10865,0,活动互动
10866,0,活动互动
10867,0,活动互动
10868,0,活动互动
10869,0,活动互动
10870,0,活动互动
10871,0,活动互动
10872,0,活动互动
10873,0,活动互动
10874,0,活动互动
10875,0,活动互动
10876,0,活动互动
10877,0,活动互动
10878,0,活动互动
10879,0,活动互动
10880,0,活动互动
10881,0,活动互动
10882,0,活动互动
10883,0,活动互动
10884,0,活动互动
10885,0,活动互动
10886,0,活动互动
10887,0,活动互动
10888,0,活动互动
10889,0,活动互动
10890,0,活动互动
10891,0,活动互动
10892,0,活动互动
10893,0,活动互动
10894,0,活动互动
10895,0,活动互动
10896,0,活动互动
10897,0,活动互动
10898,0,活动互动
10899,0,活动互动
10900,0,活动互动
10901,0,活动互动
10902,0,活动互动
10903,0,活动互动
10904,0,活动互动
10905,0,活动互动
10906,0,活动互动
10907,0,活动互动
10908,0,活动互动
10909,0,活动互动
10910,0,活动互动
10911,0,活动互动
10912,0,活动互动
10913,0,活动互动
10914,0,活动互动
10915,0,活动互动
10916,0,活动互动
10917,0,活动互动
10918,0,活动互动
10919,0,活动互动
10920,0,活动互动
10921,0,活动互动
10922,1,活动互动/沉睡/回流/高活跃
10923,0,活动互动
10924,0,活动互动
10925,0,活动互动
10926,0,活动互动
10927,0,活动互动
10928,0,活动互动
10929,0,活动互动
10930,0,活动互动
10931,1,活动互动/沉睡/回流/高活跃
10932,0,活动互动
10933,0,活动互动
10934,0,活动互动
10935,0,活动互动
10936,0,活动互动
10937,0,活动互动
10938,0,活动互动
10939,0,活动互动
10940,0,活动互动
10941,0,活动互动
10942,0,活动互动
10943,0,活动互动
10944,0,活动互动
10945,1,活动互动/沉睡/回流/高活跃
10946,0,活动互动
10947,0,活动互动
10948,0,活动互动
10949,0,活动互动
10950,0,活动互动
10951,0,活动互动
10952,0,活动互动
10953,0,活动互动
10954,0,活动互动
10955,0,活动互动
10956,0,活动互动
10957,0,活动互动
10958,0,活动互动
10959,0,活动互动
10960,0,活动互动
10961,0,活动互动
10962,0,活动互动
10963,0,活动互动
10964,0,活动互动
10965,0,活动互动
10966,0,活动互动
10967,0,活动互动
10968,0,活动互动
10969,0,活动互动
10970,0,活动互动
10971,0,活动互动
10972,0,活动互动
10973,0,活动互动
10974,0,活动互动
10975,0,活动互动
10976,0,活动互动
10977,0,活动互动
10978,0,活动互动
10979,0,活动互动
10980,0,活动互动
10981,0,活动互动
10982,0,活动互动
10983,1,活动互动/沉睡/回流/高活跃
10984,0,活动互动
10985,0,活动互动
10986,0,活动互动
10987,0,活动互动
10988,0,活动互动
10989,0,活动互动
10990,1,活动互动/沉睡/回流/高活跃
10991,1,活动互动/沉睡/回流/高活跃
10992,0,活动互动
10993,0,活动互动
10994,1,活动互动/沉睡/回流/高活跃
10995,1,活动互动/沉睡/回流/高活跃
10996,0,活动互动
10997,0,活动互动
10998,1,活动互动/沉睡/回流/高活跃
10999,1,活动互动/沉睡/回流/高活跃
11000,0,活动互动
11001,1,活动互动/沉睡/回流/高活跃
11002,1,活动互动/沉睡/回流/高活跃
11003,0,活动互动
11004,0,活动互动
11005,0,活动互动
11006,1,活动互动/沉睡/回流/高活跃
11007,1,活动互动/沉睡/回流/高活跃
11008,1,活动互动/沉睡/回流/高活跃
11009,1,活动互动/沉睡/回流/高活跃
11010,1,活动互动/沉睡/回流/高活跃
11011,0,活动互动
11012,1,活动互动/沉睡/回流/高活跃
11013,0,活动互动
11014,0,活动互动
11015,1,活动互动/沉睡/回流/高活跃
11016,0,活动互动
11017,0,活动互动
11018,0,活动互动
11019,1,活动互动/沉睡/回流/高活跃
11020,0,活动互动
11021,0,活动互动
11022,0,活动互动
11023,0,活动互动
11024,0,活动互动
11025,0,活动互动
11026,0,活动互动
11027,1,活动互动/沉睡/回流/高活跃
11028,0,活动互动
11029,0,活动互动
11030,0,活动互动
11031,0,活动互动
11032,0,活动互动
11033,0,活动互动
11034,0,活动互动
11035,0,活动互动
11036,1,活动互动/沉睡/回流/高活跃
11037,1,活动互动/沉睡/回流/高活跃
11038,0,活动互动
11039,0,活动互动
11040,1,活动互动/沉睡/回流/高活跃
11041,0,活动互动
11042,0,活动互动
11043,0,活动互动
11044,0,活动互动
11045,0,活动互动
11046,0,活动互动
11047,0,活动互动
11048,0,活动互动
11049,1,活动互动/沉睡/回流/高活跃
11050,0,活动互动
11051,0,活动互动
11052,0,活动互动
11053,0,活动互动
11054,1,活动互动/沉睡/回流/高活跃
11055,0,活动互动
11056,0,活动互动
11057,0,活动互动
11058,0,活动互动
11059,0,活动互动
11060,1,活动互动/沉睡/回流/高活跃
11061,1,活动互动/沉睡/回流/高活跃
11062,0,活动互动
11063,1,活动互动/沉睡/回流/高活跃
11064,1,活动互动/沉睡/回流/高活跃
11065,0,活动互动
11066,0,活动互动
11067,0,活动互动
11068,0,活动互动
11069,1,活动互动/沉睡/回流/高活跃
11070,1,活动互动/沉睡/回流/高活跃
11071,0,活动互动
11072,1,活动互动/沉睡/回流/高活跃
11073,0,活动互动
11074,1,活动互动/沉睡/回流/高活跃
11075,0,活动互动
11076,1,活动互动/沉睡/回流/高活跃
11077,0,活动互动
11078,0,活动互动
11079,1,活动互动/沉睡/回流/高活跃
11080,0,活动互动
11081,0,活动互动
11082,1,活动互动/沉睡/回流/高活跃
11083,0,活动互动
11084,1,活动互动/沉睡/回流/高活跃
11085,1,活动互动/沉睡/回流/高活跃
11086,1,活动互动/沉睡/回流/高活跃
11087,1,活动互动/沉睡/回流/高活跃
11088,1,活动互动/沉睡/回流/高活跃
11089,1,活动互动/沉睡/回流/高活跃
11090,1,活动互动/沉睡/回流/高活跃
11091,0,活动互动
11092,1,活动互动/沉睡/回流/高活跃
11093,1,活动互动/沉睡/回流/高活跃
11094,1,活动互动/沉睡/回流/高活跃
11095,1,活动互动/沉睡/回流/高活跃
11096,1,活动互动/沉睡/回流/高活跃
11097,1,活动互动/沉睡/回流/高活跃
11098,1,活动互动/沉睡/回流/高活跃
11099,0,活动互动
11100,0,活动互动
11101,1,活动互动/沉睡/回流/高活跃
11102,1,活动互动/沉睡/回流/高活跃
11103,0,活动互动
11104,1,活动互动/沉睡/回流/高活跃
11105,1,活动互动/沉睡/回流/高活跃
11106,1,活动互动/沉睡/回流/高活跃
11107,1,活动互动/沉睡/回流/高活跃
11108,1,活动互动/沉睡/回流/高活跃
11109,1,活动互动/沉睡/回流/高活跃
11110,1,活动互动/沉睡/回流/高活跃
11111,0,活动互动
11112,1,活动互动/沉睡/回流/高活跃
11113,1,活动互动/沉睡/回流/高活跃
11114,1,活动互动/沉睡/回流/高活跃
11115,0,活动互动
11116,1,活动互动/沉睡/回流/高活跃
11117,1,活动互动/沉睡/回流/高活跃
11118,1,活动互动/沉睡/回流/高活跃
11119,0,活动互动
11120,0,活动互动
11121,1,活动互动/沉睡/回流/高活跃
11122,0,活动互动
11123,1,活动互动/沉睡/回流/高活跃
11124,1,活动互动/沉睡/回流/高活跃
11125,1,活动互动/沉睡/回流/高活跃
11126,0,活动互动
11127,1,活动互动/沉睡/回流/高活跃
11128,0,活动互动
11129,1,活动互动/沉睡/回流/高活跃
11130,1,活动互动/沉睡/回流/高活跃
11131,0,活动互动
11132,1,活动互动/沉睡/回流/高活跃
11133,0,活动互动
11134,0,活动互动
11135,0,活动互动
11136,0,活动互动
11137,0,活动互动
11138,1,活动互动/沉睡/回流/高活跃
11139,1,活动互动/沉睡/回流/高活跃
11140,1,活动互动/沉睡/回流/高活跃
11141,1,活动互动/沉睡/回流/高活跃
11142,1,活动互动/沉睡/回流/高活跃
11143,0,活动互动
11144,1,活动互动/沉睡/回流/高活跃
11145,0,活动互动
11146,0,活动互动
11147,0,活动互动
11148,0,活动互动
11149,1,活动互动/沉睡/回流/高活跃
11150,1,活动互动/沉睡/回流/高活跃
11151,1,活动互动/沉睡/回流/高活跃
11152,0,活动互动
11153,0,活动互动
11154,0,活动互动
11155,1,活动互动/沉睡/回流/高活跃
11156,1,活动互动/沉睡/回流/高活跃
11157,0,活动互动
11158,1,活动互动/沉睡/回流/高活跃
11159,1,活动互动/沉睡/回流/高活跃
11160,0,活动互动
11161,0,活动互动
11162,0,活动互动
11163,1,活动互动/沉睡/回流/高活跃
11164,1,活动互动/沉睡/回流/高活跃
11165,1,活动互动/沉睡/回流/高活跃
11166,1,活动互动/沉睡/回流/高活跃
11167,0,活动互动
11168,1,活动互动/沉睡/回流/高活跃
11169,0,活动互动
11170,0,活动互动
11171,0,活动互动
11172,0,活动互动
11173,1,活动互动/沉睡/回流/高活跃
11174,0,活动互动
11175,0,活动互动
11176,0,活动互动
11177,1,活动互动/沉睡/回流/高活跃
11178,1,活动互动/沉睡/回流/高活跃
11179,0,活动互动
11180,0,活动互动
11181,1,活动互动/沉睡/回流/高活跃
11182,0,活动互动
11183,1,活动互动/沉睡/回流/高活跃
11184,0,活动互动
11185,0,活动互动
11186,0,活动互动
11187,1,活动互动/沉睡/回流/高活跃
11188,0,活动互动
11189,0,活动互动
11190,0,活动互动
11191,0,活动互动
11192,0,活动互动
11193,0,活动互动
11194,0,活动互动
11195,0,活动互动
11196,0,活动互动
11197,0,活动互动
11198,0,活动互动
11199,0,活动互动
11200,0,活动互动
11201,0,活动互动
11202,0,活动互动
11203,0,活动互动
11204,0,活动互动
11205,0,活动互动
11206,0,活动互动
11207,0,活动互动
11208,0,活动互动
11209,0,活动互动
11210,0,活动互动
11211,0,活动互动
11212,0,活动互动
11213,0,活动互动
11214,1,活动互动/沉睡/回流/高活跃
11215,0,活动互动
11216,0,活动互动
11217,0,活动互动
11218,0,活动互动
11219,0,活动互动
11220,0,活动互动
11221,0,活动互动
11222,0,活动互动
11223,0,活动互动
11224,1,活动互动/沉睡/回流/高活跃
11225,0,活动互动
11226,1,活动互动/沉睡/回流/高活跃
11227,0,活动互动
11228,0,活动互动
11229,0,活动互动
11230,0,活动互动
11231,0,活动互动
11232,0,活动互动
11233,0,活动互动
11234,0,活动互动
11235,0,活动互动
11236,0,活动互动
11237,0,活动互动
11238,0,活动互动
11239,0,活动互动
11240,0,活动互动
11241,0,活动互动
11242,0,活动互动
11243,0,活动互动
11244,0,活动互动
11245,0,活动互动
11246,0,活动互动
11247,0,活动互动
11248,0,活动互动
11249,0,活动互动
11250,0,活动互动
11251,0,活动互动
11252,0,活动互动
11253,0,活动互动
11254,0,活动互动
11255,0,活动互动
11256,0,活动互动
11257,0,活动互动
11258,0,活动互动
11259,0,活动互动
11260,0,活动互动
11261,0,活动互动
11262,0,活动互动
11263,0,活动互动
11264,0,活动互动
11265,0,活动互动
11266,0,活动互动
11267,0,活动互动
11268,0,活动互动
11269,0,活动互动
11270,0,活动互动
11271,0,活动互动
11272,0,活动互动
11273,0,活动互动
11274,0,活动互动
11275,0,活动互动
11276,0,活动互动
11277,0,活动互动
11278,0,活动互动
11279,0,活动互动
11280,0,活动互动
11281,0,活动互动
11282,0,活动互动
11283,0,活动互动
11284,0,活动互动
11285,0,活动互动
11286,0,活动互动
11287,0,活动互动
11288,0,活动互动
11289,0,活动互动
11290,0,活动互动
11291,0,活动互动
11292,0,活动互动
11293,1,活动互动/沉睡/回流/高活跃
11294,0,活动互动
11295,0,活动互动
11296,0,活动互动
11297,0,活动互动
11298,0,活动互动
11299,0,活动互动
11300,0,活动互动
11301,0,活动互动
11302,0,活动互动
11303,0,活动互动
11304,0,活动互动
11305,0,活动互动
11306,0,活动互动
11307,0,活动互动
11308,1,活动互动/沉睡/回流/高活跃
11309,0,活动互动
11310,0,活动互动
11311,0,活动互动
11312,0,活动互动
11313,0,活动互动
11314,0,活动互动
11315,0,活动互动
11316,0,活动互动
11317,0,活动互动
11318,0,活动互动
11319,0,活动互动
11320,0,活动互动
11321,1,活动互动/沉睡/回流/高活跃
11322,0,活动互动
11323,0,活动互动
11324,0,活动互动
11325,0,活动互动
11326,0,活动互动
11327,0,活动互动
11328,0,活动互动
11329,0,活动互动
11330,0,活动互动
11331,0,活动互动
11332,0,活动互动
11333,0,活动互动
11334,0,活动互动
11335,0,活动互动
11336,0,活动互动
11337,0,活动互动
11338,0,活动互动
11339,0,活动互动
11340,0,活动互动
11341,0,活动互动
11342,0,活动互动
11343,0,活动互动
11344,0,活动互动
11345,0,活动互动
11346,1,活动互动/沉睡/回流/高活跃
11347,0,活动互动
11348,0,活动互动
11349,0,活动互动
11350,0,活动互动
11351,0,活动互动
11352,0,活动互动
11353,0,活动互动
11354,0,活动互动
11355,0,活动互动
11356,0,活动互动
11357,0,活动互动
11358,0,活动互动
11359,0,活动互动
11360,0,活动互动
11361,0,活动互动
11362,0,活动互动
11363,0,活动互动
11364,0,活动互动
11365,0,活动互动
11366,0,活动互动
11367,1,活动互动/沉睡/回流/高活跃
11368,0,活动互动
11369,0,活动互动
11370,0,活动互动
11371,0,活动互动
11372,0,活动互动
11373,0,活动互动
11374,0,活动互动
11375,0,活动互动
11376,1,活动互动/沉睡/回流/高活跃
11377,0,活动互动
11378,0,活动互动
11379,0,活动互动
11380,0,活动互动
11381,0,活动互动
11382,0,活动互动
11383,0,活动互动
11384,0,活动互动
11385,0,活动互动
11386,0,活动互动
11387,0,活动互动
11388,0,活动互动
11389,0,活动互动
11390,0,活动互动
11391,0,活动互动
11392,0,活动互动
11393,0,活动互动
11394,0,活动互动
11395,0,活动互动
11396,0,活动互动
11397,0,活动互动
11398,0,活动互动
11399,0,活动互动
11400,0,活动互动
11401,0,活动互动
11402,0,活动互动
11403,0,活动互动
11404,0,活动互动
11405,0,活动互动
11406,0,活动互动
11407,0,活动互动
11408,0,活动互动
11409,1,活动互动/沉睡/回流/高活跃
11410,0,活动互动
11411,1,活动互动/沉睡/回流/高活跃
11412,0,活动互动
11413,0,活动互动
11414,0,活动互动
11415,0,活动互动
11416,0,活动互动
11417,0,活动互动
11418,0,活动互动
11419,0,活动互动
11420,0,活动互动
11421,0,活动互动
11422,0,活动互动
11423,0,活动互动
11424,0,活动互动
11425,0,活动互动
11426,0,活动互动
11427,1,活动互动/沉睡/回流/高活跃
11428,0,活动互动
11429,1,活动互动/沉睡/回流/高活跃
11430,0,活动互动
11431,0,活动互动
11432,0,活动互动
11433,0,活动互动
11434,0,活动互动
11435,0,活动互动
11436,0,活动互动
11437,0,活动互动
11438,0,活动互动
11439,0,活动互动
11440,0,活动互动
11441,0,活动互动
11442,0,活动互动
11443,0,活动互动
11444,0,活动互动
11445,0,活动互动
11446,0,活动互动
11447,0,活动互动
11448,1,活动互动/沉睡/回流/高活跃
11449,0,活动互动
11450,0,活动互动
11451,0,活动互动
11452,0,活动互动
11453,0,活动互动
11454,0,活动互动
11455,0,活动互动
11456,0,活动互动
11457,0,活动互动
11458,0,活动互动
11459,0,活动互动
11460,0,活动互动
11461,0,活动互动
11462,0,活动互动
11463,0,活动互动
11464,0,活动互动
11465,0,活动互动
11466,0,活动互动
11467,0,活动互动
11468,0,活动互动
11469,0,活动互动
11470,0,活动互动
11471,0,活动互动
11472,0,活动互动
11473,0,活动互动
11474,0,活动互动
11475,0,活动互动
11476,0,活动互动
11477,0,活动互动
11478,0,活动互动
11479,0,活动互动
11480,0,活动互动
11481,0,活动互动
11482,0,活动互动
11483,0,活动互动
11484,0,活动互动
11485,0,活动互动
11486,0,活动互动
11487,0,活动互动
11488,0,活动互动
11489,0,活动互动
11490,0,活动互动
11491,0,活动互动
11492,0,活动互动
11493,0,活动互动
11494,0,活动互动
11495,0,活动互动
11496,0,活动互动
11497,0,活动互动
11498,0,活动互动
11499,0,活动互动
11500,0,活动互动
11501,0,活动互动
11502,0,活动互动
11503,0,活动互动
11504,0,活动互动
11505,0,活动互动
11506,0,活动互动
11507,0,活动互动
11508,0,活动互动
11509,0,活动互动
11510,0,活动互动
11511,0,活动互动
11512,0,活动互动
11513,0,活动互动
11514,0,活动互动
11515,0,活动互动
11516,0,活动互动
11517,0,活动互动
11518,0,活动互动
11519,0,活动互动
11520,0,活动互动
11521,0,活动互动
11522,0,活动互动
11523,0,活动互动
11524,0,活动互动
11525,0,活动互动
11526,0,活动互动
11527,0,活动互动
11528,0,活动互动
11529,0,活动互动
11530,0,活动互动
11531,0,活动互动
11532,0,活动互动
11533,0,活动互动
11534,1,活动互动/沉睡/回流/高活跃
11535,0,活动互动
11536,0,活动互动
11537,0,活动互动
11538,0,活动互动
11539,0,活动互动
11540,0,活动互动
11541,0,活动互动
11542,0,活动互动
11543,0,活动互动
11544,0,活动互动
11545,0,活动互动
11546,1,活动互动/沉睡/回流/高活跃
11547,0,活动互动
11548,0,活动互动
11549,0,活动互动
11550,0,活动互动
11551,0,活动互动
11552,0,活动互动
11553,0,活动互动
11554,0,活动互动
11555,1,活动互动/沉睡/回流/高活跃
11556,0,活动互动
11557,0,活动互动
11558,0,活动互动
11559,0,活动互动
11560,0,活动互动
11561,0,活动互动
11562,0,活动互动
11563,0,活动互动
11564,0,活动互动
11565,0,活动互动
11566,0,活动互动
11567,1,活动互动/沉睡/回流/高活跃
11568,0,活动互动
11569,0,活动互动
11570,1,活动互动/沉睡/回流/高活跃
11571,0,活动互动
11572,0,活动互动
11573,0,活动互动
11574,0,活动互动
11575,0,活动互动
11576,0,活动互动
11577,1,活动互动/沉睡/回流/高活跃
11578,0,活动互动
11579,0,活动互动
11580,0,活动互动
11581,0,活动互动
11582,0,活动互动
11583,0,活动互动
11584,0,活动互动
11585,0,活动互动
11586,0,活动互动
11587,0,活动互动
11588,1,活动互动/沉睡/回流/高活跃
11589,1,活动互动/沉睡/回流/高活跃
11590,0,活动互动
11591,0,活动互动
11592,0,活动互动
11593,0,活动互动
11594,0,活动互动
11595,0,活动互动
11596,0,活动互动
11597,0,活动互动
11598,0,活动互动
11599,0,活动互动
11600,0,活动互动
11601,1,活动互动/沉睡/回流/高活跃
11602,0,活动互动
11603,0,活动互动
11604,0,活动互动
11605,0,活动互动
11606,0,活动互动
11607,0,活动互动
11608,0,活动互动
11609,0,活动互动
11610,0,活动互动
11611,0,活动互动
11612,0,活动互动
11613,0,活动互动
11614,0,活动互动
11615,0,活动互动
11616,0,活动互动
11617,0,活动互动
11618,0,活动互动
11619,0,活动互动
11620,0,活动互动
11621,0,活动互动
11622,0,活动互动
11623,0,活动互动
11624,0,活动互动
11625,0,活动互动
11626,0,活动互动
11627,0,活动互动
11628,0,活动互动
11629,0,活动互动
11630,1,活动互动/沉睡/回流/高活跃
11631,0,活动互动
11632,0,活动互动
11633,0,活动互动
11634,0,活动互动
11635,0,活动互动
11636,0,活动互动
11637,0,活动互动
11638,0,活动互动
11639,0,活动互动
11640,1,活动互动/沉睡/回流/高活跃
11641,0,活动互动
11642,0,活动互动
11643,0,活动互动
11644,0,活动互动
11645,0,活动互动
11646,0,活动互动
11647,0,活动互动
11648,0,活动互动
11649,0,活动互动
11650,0,活动互动
11651,0,活动互动
11652,0,活动互动
11653,0,活动互动
11654,0,活动互动
11655,0,活动互动
11656,0,活动互动
11657,0,活动互动
11658,1,活动互动/沉睡/回流/高活跃
11659,0,活动互动
11660,0,活动互动
11661,0,活动互动
11662,0,活动互动
11663,0,活动互动
11664,0,活动互动
11665,0,活动互动
11666,0,活动互动
11667,0,活动互动
11668,0,活动互动
11669,0,活动互动
11670,0,活动互动
11671,0,活动互动
11672,0,活动互动
11673,0,活动互动
11674,0,活动互动
11675,0,活动互动
11676,0,活动互动
11677,0,活动互动
11678,0,活动互动
11679,0,活动互动
11680,0,活动互动
11681,0,活动互动
11682,0,活动互动
11683,0,活动互动
11684,0,活动互动
11685,0,活动互动
11686,0,活动互动
11687,0,活动互动
11688,0,活动互动
11689,0,活动互动
11690,0,活动互动
11691,0,活动互动
11692,0,活动互动
11693,0,活动互动
11694,0,活动互动
11695,0,活动互动
11696,0,活动互动
11697,0,活动互动
11698,0,活动互动
11699,0,活动互动
11700,1,活动互动/沉睡/回流/高活跃
11701,0,活动互动
11702,0,活动互动
11703,1,活动互动/沉睡/回流/高活跃
11704,0,活动互动
11705,0,活动互动
11706,0,活动互动
11707,0,活动互动
11708,0,活动互动
11709,0,活动互动
11710,0,活动互动
11711,0,活动互动
11712,0,活动互动
11713,0,活动互动
11714,0,活动互动
11715,0,活动互动
11716,0,活动互动
11717,0,活动互动
11718,0,活动互动
11719,0,活动互动
11720,0,活动互动
11721,0,活动互动
11722,0,活动互动
11723,0,活动互动
11724,0,活动互动
11725,0,活动互动
11726,0,活动互动
11727,0,活动互动
11728,0,活动互动
11729,0,活动互动
11730,0,活动互动
11731,0,活动互动
11732,0,活动互动
11733,0,活动互动
11734,0,活动互动
11735,0,活动互动
11736,0,活动互动
11737,0,活动互动
11738,0,活动互动
11739,0,活动互动
11740,0,活动互动
11741,1,活动互动/沉睡/回流/高活跃
11742,0,活动互动
11743,0,活动互动
11744,0,活动互动
11745,0,活动互动
11746,0,活动互动
11747,0,活动互动
11748,0,活动互动
11749,0,活动互动
11750,0,活动互动
11751,0,活动互动
11752,0,活动互动
11753,0,活动互动
11754,0,活动互动
11755,0,活动互动
11756,0,活动互动
11757,0,活动互动
11758,0,活动互动
11759,0,活动互动
11760,0,活动互动
11761,0,活动互动
11762,0,活动互动
11763,0,活动互动
11764,0,活动互动
11765,0,活动互动
11766,0,活动互动
11767,0,活动互动
11768,0,活动互动
11769,0,活动互动
11770,0,活动互动
11771,0,活动互动
11772,1,活动互动/沉睡/回流/高活跃
11773,1,活动互动/沉睡/回流/高活跃
11774,0,活动互动
11775,0,活动互动
11776,1,活动互动/沉睡/回流/高活跃
11777,0,活动互动
11778,0,活动互动
11779,0,活动互动
11780,0,活动互动
11781,0,活动互动
11782,0,活动互动
11783,0,活动互动
11784,0,活动互动
11785,0,活动互动
11786,0,活动互动
11787,1,活动互动/沉睡/回流/高活跃
11788,0,活动互动
11789,0,活动互动
11790,0,活动互动
11791,0,活动互动
11792,0,活动互动
11793,0,活动互动
11794,0,活动互动
11795,0,活动互动
11796,0,活动互动
11797,0,活动互动
11798,0,活动互动
11799,0,活动互动
11800,0,活动互动
11801,0,活动互动
11802,0,活动互动
11803,0,活动互动
11804,0,活动互动
11805,0,活动互动
11806,0,活动互动
11807,0,活动互动
11808,0,活动互动
11809,0,活动互动
11810,0,活动互动
11811,0,活动互动
11812,0,活动互动
11813,0,活动互动
11814,0,活动互动
11815,0,活动互动
11816,0,活动互动
11817,0,活动互动
11818,0,活动互动
11819,0,活动互动
11820,0,活动互动
11821,0,活动互动
11822,1,活动互动/沉睡/回流/高活跃
11823,0,活动互动
11824,0,活动互动
11825,0,活动互动
11826,1,活动互动/沉睡/回流/高活跃
11827,0,活动互动
11828,0,活动互动
11829,0,活动互动
11830,0,活动互动
11831,0,活动互动
11832,0,活动互动
11833,0,活动互动
11834,0,活动互动
11835,0,活动互动
11836,0,活动互动
11837,0,活动互动
11838,0,活动互动
11839,1,活动互动/沉睡/回流/高活跃
11840,0,活动互动
11841,0,活动互动
11842,0,活动互动
11843,0,活动互动
11844,1,活动互动/沉睡/回流/高活跃
11845,0,活动互动
11846,0,活动互动
11847,0,活动互动
11848,0,活动互动
11849,0,活动互动
11850,1,活动互动/沉睡/回流/高活跃
11851,0,活动互动
11852,0,活动互动
11853,0,活动互动
11854,1,活动互动/沉睡/回流/高活跃
11855,0,活动互动
11856,0,活动互动
11857,0,活动互动
11858,0,活动互动
11859,0,活动互动
11860,0,活动互动
11861,0,活动互动
11862,0,活动互动
11863,0,活动互动
11864,1,活动互动/沉睡/回流/高活跃
11865,0,活动互动
11866,0,活动互动
11867,0,活动互动
11868,1,活动互动/沉睡/回流/高活跃
11869,0,活动互动
11870,0,活动互动
11871,0,活动互动
11872,0,活动互动
11873,0,活动互动
11874,0,活动互动
11875,1,活动互动/沉睡/回流/高活跃
11876,0,活动互动
11877,0,活动互动
11878,0,活动互动
11879,0,活动互动
11880,0,活动互动
11881,0,活动互动
11882,0,活动互动
11883,0,活动互动
11884,0,活动互动
11885,0,活动互动
11886,0,活动互动
11887,0,活动互动
11888,0,活动互动
11889,0,活动互动
11890,0,活动互动
11891,0,活动互动
11892,0,活动互动
11893,0,活动互动
11894,0,活动互动
11895,0,活动互动
11896,0,活动互动
11897,0,活动互动
11898,0,活动互动
11899,0,活动互动
11900,0,活动互动
11901,0,活动互动
11902,0,活动互动
11903,0,活动互动
11904,0,活动互动
11905,0,活动互动
11906,0,活动互动
11907,0,活动互动
11908,0,活动互动
11909,0,活动互动
11910,0,活动互动
11911,0,活动互动
11912,0,活动互动
11913,0,活动互动
11914,0,活动互动
11915,0,活动互动
11916,0,活动互动
11917,0,活动互动
11918,1,活动互动/沉睡/回流/高活跃
11919,0,活动互动
11920,0,活动互动
11921,0,活动互动
11922,0,活动互动
11923,0,活动互动
11924,0,活动互动
11925,0,活动互动
11926,0,活动互动
11927,0,活动互动
11928,0,活动互动
11929,0,活动互动
11930,0,活动互动
11931,0,活动互动
11932,0,活动互动
11933,0,活动互动
11934,0,活动互动
11935,0,活动互动
11936,0,活动互动
11937,0,活动互动
11938,0,活动互动
11939,1,活动互动/沉睡/回流/高活跃
11940,0,活动互动
11941,1,活动互动/沉睡/回流/高活跃
11942,0,活动互动
11943,0,活动互动
11944,1,活动互动/沉睡/回流/高活跃
11945,0,活动互动
11946,0,活动互动
11947,0,活动互动
11948,0,活动互动
11949,0,活动互动
11950,0,活动互动
11951,0,活动互动
11952,0,活动互动
11953,0,活动互动
11954,0,活动互动
11955,0,活动互动
11956,0,活动互动
11957,0,活动互动
11958,0,活动互动
11959,0,活动互动
11960,0,活动互动
11961,0,活动互动
11962,0,活动互动
11963,0,活动互动
11964,0,活动互动
11965,0,活动互动
11966,0,活动互动
11967,0,活动互动
11968,1,活动互动/沉睡/回流/高活跃
11969,0,活动互动
11970,0,活动互动
11971,0,活动互动
11972,0,活动互动
11973,0,活动互动
11974,1,活动互动/沉睡/回流/高活跃
11975,0,活动互动
11976,0,活动互动
11977,0,活动互动
11978,0,活动互动
11979,0,活动互动
11980,0,活动互动
11981,0,活动互动
11982,0,活动互动
11983,0,活动互动
11984,0,活动互动
11985,0,活动互动
11986,0,活动互动
11987,0,活动互动
11988,0,活动互动
11989,0,活动互动
11990,0,活动互动
11991,0,活动互动
11992,0,活动互动
11993,0,活动互动
11994,0,活动互动
11995,0,活动互动
11996,0,活动互动
11997,0,活动互动
11998,0,活动互动
11999,0,活动互动
12000,0,活动互动
12001,0,活动互动
12002,0,活动互动
12003,0,活动互动
12004,0,活动互动
12005,0,活动互动
12006,0,活动互动
12007,0,活动互动
12008,0,活动互动
12009,0,活动互动
12010,0,活动互动
12011,0,活动互动
12012,0,活动互动
12013,0,活动互动
12014,0,活动互动
12015,0,活动互动
12016,0,活动互动
12017,0,活动互动
12018,0,活动互动
12019,0,活动互动
12020,0,活动互动
12021,0,活动互动
12022,0,活动互动
12023,0,活动互动
12024,0,活动互动
12025,0,活动互动
12026,0,活动互动
12027,0,活动互动
12028,0,活动互动
12029,0,活动互动
12030,0,活动互动
12031,0,活动互动
12032,0,活动互动
12033,0,活动互动
12034,0,活动互动
12035,0,活动互动
12036,0,活动互动
12037,0,活动互动
12038,0,活动互动
12039,0,活动互动
12040,0,活动互动
12041,0,活动互动
12042,0,活动互动
12043,0,活动互动
12044,0,活动互动
12045,0,活动互动
12046,0,活动互动
12047,0,活动互动
12048,0,活动互动
12049,0,活动互动
12050,0,活动互动
12051,0,活动互动
12052,1,活动互动/沉睡/回流/高活跃
12053,0,活动互动
12054,0,活动互动
12055,0,活动互动
12056,0,活动互动
12057,0,活动互动
12058,0,活动互动
12059,0,活动互动
12060,0,活动互动
12061,0,活动互动
12062,0,活动互动
12063,0,活动互动
12064,0,活动互动
12065,0,活动互动
12066,0,活动互动
12067,0,活动互动
12068,0,活动互动
12069,0,活动互动
12070,0,活动互动
12071,0,活动互动
12072,0,活动互动
12073,0,活动互动
12074,0,活动互动
12075,0,活动互动
12076,1,活动互动/沉睡/回流/高活跃
12077,0,活动互动
12078,0,活动互动
12079,0,活动互动
12080,1,活动互动/沉睡/回流/高活跃
12081,0,活动互动
12082,0,活动互动
12083,0,活动互动
12084,0,活动互动
12085,1,活动互动/沉睡/回流/高活跃
12086,0,活动互动
12087,0,活动互动
12088,0,活动互动
12089,1,活动互动/沉睡/回流/高活跃
12090,1,活动互动/沉睡/回流/高活跃
12091,0,活动互动
12092,0,活动互动
12093,0,活动互动
12094,0,活动互动
12095,0,活动互动
12096,0,活动互动
12097,0,活动互动
12098,0,活动互动
12099,0,活动互动
12100,0,活动互动
12101,1,活动互动/沉睡/回流/高活跃
12102,0,活动互动
12103,0,活动互动
12104,0,活动互动
12105,0,活动互动
12106,0,活动互动
12107,0,活动互动
12108,0,活动互动
12109,0,活动互动
12110,0,活动互动
12111,0,活动互动
12112,0,活动互动
12113,0,活动互动
12114,1,活动互动/沉睡/回流/高活跃
12115,0,活动互动
12116,0,活动互动
12117,1,活动互动/沉睡/回流/高活跃
12118,0,活动互动
12119,0,活动互动
12120,0,活动互动
12121,0,活动互动
12122,1,活动互动/沉睡/回流/高活跃
12123,0,活动互动
12124,0,活动互动
12125,0,活动互动
12126,0,活动互动
12127,0,活动互动
12128,0,活动互动
12129,0,活动互动
12130,0,活动互动
12131,0,活动互动
12132,0,活动互动
12133,0,活动互动
12134,0,活动互动
12135,0,活动互动
12136,0,活动互动
12137,0,活动互动
12138,0,活动互动
12139,0,活动互动
12140,0,活动互动
12141,0,活动互动
12142,0,活动互动
12143,0,活动互动
12144,0,活动互动
12145,0,活动互动
12146,0,活动互动
12147,0,活动互动
12148,0,活动互动
12149,0,活动互动
12150,0,活动互动
12151,0,活动互动
12152,0,活动互动
12153,0,活动互动
12154,0,活动互动
12155,0,活动互动
12156,0,活动互动
12157,0,活动互动
12158,0,活动互动
12159,0,活动互动
12160,0,活动互动
12161,0,活动互动
12162,0,活动互动
12163,1,活动互动/沉睡/回流/高活跃
12164,0,活动互动
12165,0,活动互动
12166,0,活动互动
12167,0,活动互动
12168,0,活动互动
12169,0,活动互动
12170,0,活动互动
12171,0,活动互动
12172,1,活动互动/沉睡/回流/高活跃
12173,0,活动互动
12174,0,活动互动
12175,0,活动互动
12176,0,活动互动
12177,0,活动互动
12178,0,活动互动
12179,0,活动互动
12180,0,活动互动
12181,0,活动互动
12182,0,活动互动
12183,0,活动互动
12184,0,活动互动
12185,0,活动互动
12186,0,活动互动
12187,0,活动互动
12188,0,活动互动
12189,0,活动互动
12190,0,活动互动
12191,0,活动互动
12192,0,活动互动
12193,0,活动互动
12194,0,活动互动
12195,0,活动互动
12196,0,活动互动
12197,0,活动互动
12198,0,活动互动
12199,0,活动互动
12200,0,活动互动
12201,0,活动互动
12202,0,活动互动
12203,0,活动互动
12204,0,活动互动
12205,0,活动互动
12206,0,活动互动
12207,0,活动互动
12208,0,活动互动
12209,0,活动互动
12210,0,活动互动
12211,0,活动互动
12212,0,活动互动
12213,0,活动互动
12214,0,活动互动
12215,0,活动互动
12216,0,活动互动
12217,0,活动互动
12218,0,活动互动
12219,0,活动互动
12220,0,活动互动
12221,0,活动互动
12222,1,活动互动/沉睡/回流/高活跃
12223,0,活动互动
12224,0,活动互动
12225,0,活动互动
12226,0,活动互动
12227,0,活动互动
12228,0,活动互动
12229,0,活动互动
12230,0,活动互动
12231,0,活动互动
12232,0,活动互动
12233,0,活动互动
12234,0,活动互动
12235,0,活动互动
12236,0,活动互动
12237,0,活动互动
12238,0,活动互动
12239,0,活动互动
12240,0,活动互动
12241,0,活动互动
12242,0,活动互动
12243,0,活动互动
12244,0,活动互动
12245,0,活动互动
12246,0,活动互动
12247,0,活动互动
12248,0,活动互动
12249,1,活动互动/沉睡/回流/高活跃
12250,0,活动互动
12251,0,活动互动
12252,0,活动互动
12253,0,活动互动
12254,0,活动互动
12255,0,活动互动
12256,0,活动互动
12257,0,活动互动
12258,0,活动互动
12259,0,活动互动
12260,0,活动互动
12261,0,活动互动
12262,0,活动互动
12263,0,活动互动
12264,0,活动互动
12265,0,活动互动
12266,0,活动互动
12267,0,活动互动
12268,0,活动互动
12269,0,活动互动
12270,0,活动互动
12271,0,活动互动
12272,0,活动互动
12273,0,活动互动
12274,0,活动互动
12275,0,活动互动
12276,0,活动互动
12277,0,活动互动
12278,0,活动互动
12279,0,活动互动
12280,0,活动互动
12281,0,活动互动
12282,0,活动互动
12283,0,活动互动
12284,0,活动互动
12285,0,活动互动
12286,0,活动互动
12287,0,活动互动
12288,0,活动互动
12289,0,活动互动
12290,0,活动互动
12291,0,活动互动
12292,0,活动互动
12293,0,活动互动
12294,0,活动互动
12295,0,活动互动
12296,0,活动互动
12297,0,活动互动
12298,0,活动互动
12299,0,活动互动
12300,0,活动互动
12301,0,活动互动
12302,0,活动互动
12303,0,活动互动
12304,0,活动互动
12305,0,活动互动
12306,0,活动互动
12307,0,活动互动
12308,0,活动互动
12309,0,活动互动
12310,0,活动互动
12311,0,活动互动
12312,0,活动互动
12313,0,活动互动
12314,0,活动互动
12315,0,活动互动
12316,0,活动互动
12317,0,活动互动
12318,0,活动互动
12319,0,活动互动
12320,0,活动互动
12321,0,活动互动
12322,0,活动互动
12323,0,活动互动
12324,0,活动互动
12325,0,活动互动
12326,0,活动互动
12327,0,活动互动
12328,0,活动互动
12329,1,活动互动/沉睡/回流/高活跃
12330,0,活动互动
12331,0,活动互动
12332,0,活动互动
12333,0,活动互动
12334,0,活动互动
12335,0,活动互动
12336,0,活动互动
12337,0,活动互动
12338,0,活动互动
12339,0,活动互动
12340,0,活动互动
12341,1,活动互动/沉睡/回流/高活跃
12342,0,活动互动
12349,1,活动互动/沉睡/回流/高活跃
12352,1,活动互动/沉睡/回流/高活跃
12353,1,活动互动/沉睡/回流/高活跃
12355,1,活动互动/沉睡/回流/高活跃
12356,1,活动互动/沉睡/回流/高活跃
12358,1,活动互动/沉睡/回流/高活跃
12359,1,活动互动/沉睡/回流/高活跃
12360,1,活动互动/沉睡/回流/高活跃
12363,1,活动互动/沉睡/回流/高活跃
12364,1,活动互动/沉睡/回流/高活跃
12365,1,活动互动/沉睡/回流/高活跃
12366,1,活动互动/沉睡/回流/高活跃
12367,1,活动互动/沉睡/回流/高活跃
12369,1,活动互动/沉睡/回流/高活跃
12370,1,活动互动/沉睡/回流/高活跃
12371,1,活动互动/沉睡/回流/高活跃
12373,1,活动互动/沉睡/回流/高活跃
12374,1,活动互动/沉睡/回流/高活跃
12375,1,活动互动/沉睡/回流/高活跃
12376,1,活动互动/沉睡/回流/高活跃
12377,0,活动互动
12378,0,活动互动
12379,0,活动互动
12385,1,活动互动/沉睡/回流/高活跃
12399,1,活动互动/沉睡/回流/高活跃
12400,1,活动互动/沉睡/回流/高活跃
12401,1,活动互动/沉睡/回流/高活跃
12403,1,活动互动/沉睡/回流/高活跃
12404,1,活动互动/沉睡/回流/高活跃
12405,1,活动互动/沉睡/回流/高活跃
12406,1,活动互动/沉睡/回流/高活跃
12407,1,活动互动/沉睡/回流/高活跃
12408,0,活动互动
12409,1,活动互动/沉睡/回流/高活跃
12412,0,活动互动
12413,0,活动互动
12415,0,活动互动
12422,1,活动互动/沉睡/回流/高活跃
12423,1,活动互动/沉睡/回流/高活跃
12424,1,活动互动/沉睡/回流/高活跃
12425,0,活动互动
12426,0,活动互动
12427,0,活动互动
12428,0,活动互动
12429,0,活动互动
12430,0,活动互动
12431,0,活动互动
12432,0,活动互动
12433,0,活动互动
12434,0,活动互动
12435,0,活动互动
12436,0,活动互动
12437,0,活动互动
12438,0,活动互动
12439,0,活动互动
12440,0,活动互动
12441,0,活动互动
12460,1,活动互动/沉睡/回流/高活跃
12474,1,活动互动/沉睡/回流/高活跃
12475,1,活动互动/沉睡/回流/高活跃
12504,1,活动互动/沉睡/回流/高活跃
12531,1,活动互动/沉睡/回流/高活跃
12532,1,活动互动/沉睡/回流/高活跃
12533,1,活动互动/沉睡/回流/高活跃
12549,0,活动互动
12552,1,活动互动/沉睡/回流/高活跃
12553,1,活动互动/沉睡/回流/高活跃
12555,1,活动互动/沉睡/回流/高活跃
12560,1,活动互动/沉睡/回流/高活跃
12564,1,活动互动/沉睡/回流/高活跃
12570,1,活动互动/沉睡/回流/高活跃
12571,1,活动互动/沉睡/回流/高活跃
20377,1,活动互动/沉睡/回流/高活跃
20380,1,活动互动/沉睡/回流/高活跃
1130695,1,活动互动/沉睡/回流/高活跃
1131126,1,活动互动/沉睡/回流/高活跃
1131509,1,活动互动/沉睡/回流/高活跃
1132550,1,活动互动/沉睡/回流/高活跃
1132792,1,活动互动/沉睡/回流/高活跃
1133112,1,活动互动/沉睡/回流/高活跃
1133758,1,活动互动/沉睡/回流/高活跃
1133760,1,活动互动/沉睡/回流/高活跃
1134447,1,活动互动/沉睡/回流/高活跃
1137038,1,活动互动/沉睡/回流/高活跃
1141048,1,活动互动/沉睡/回流/高活跃
1141771,1,活动互动/沉睡/回流/高活跃
1144612,1,活动互动/沉睡/回流/高活跃
1145959,1,活动互动/沉睡/回流/高活跃
1147923,1,活动互动/沉睡/回流/高活跃
1153630,1,活动互动/沉睡/回流/高活跃
1154279,1,活动互动/沉睡/回流/高活跃
1155642,1,活动互动/沉睡/回流/高活跃
1156855,0,活动互动
1169002,1,活动互动/沉睡/回流/高活跃
1170183,0,活动互动
1170715,1,活动互动/沉睡/回流/高活跃
1171585,0,活动互动
1171839,1,活动互动/沉睡/回流/高活跃
1172372,0,活动互动
1178426,0,活动互动
1180335,1,活动互动/沉睡/回流/高活跃
1184113,1,活动互动/沉睡/回流/高活跃
1184296,1,活动互动/沉睡/回流/高活跃
1184879,1,活动互动/沉睡/回流/高活跃
1186398,1,活动互动/沉睡/回流/高活跃
1194882,1,活动互动/沉睡/回流/高活跃
1196967,0,活动互动
1198583,1,活动互动/沉睡/回流/高活跃
1202488,0,活动互动
1202492,1,活动互动/沉睡/回流/高活跃
1203787,1,活动互动/沉睡/回流/高活跃
1206587,1,活动互动/沉睡/回流/高活跃
1213918,0,活动互动
1214313,0,活动互动
1220428,1,活动互动/沉睡/回流/高活跃
1225944,0,活动互动
1228093,1,活动互动/沉睡/回流/高活跃
1228563,0,活动互动
1228913,0,活动互动
1230174,0,活动互动
1235828,1,活动互动/沉睡/回流/高活跃
1236779,0,活动互动
1236780,0,活动互动
1241377,0,活动互动
1241824,0,活动互动
1241925,0,活动互动
1241935,0,活动互动
1241951,0,活动互动
1241958,0,活动互动
1241963,0,活动互动
1241965,0,活动互动
1241975,0,活动互动
1241982,0,活动互动
1241994,0,活动互动
1242004,0,活动互动
1242035,0,活动互动
1242043,0,活动互动
1242049,0,活动互动
1242059,0,活动互动
1242136,0,活动互动
1242137,0,活动互动
1242139,0,活动互动
1242149,0,活动互动
1242195,0,活动互动
1242196,1,活动互动/沉睡/回流/高活跃
1242197,1,活动互动/沉睡/回流/高活跃
1242198,1,活动互动/沉睡/回流/高活跃
1242199,0,活动互动
1242200,1,活动互动/沉睡/回流/高活跃
1242201,1,活动互动/沉睡/回流/高活跃
1242202,0,活动互动
1242203,0,活动互动
1242204,0,活动互动
1242205,0,活动互动
1242206,0,活动互动
1242207,0,活动互动
1242208,0,活动互动
1242209,0,活动互动
1242210,0,活动互动
1242211,1,活动互动/沉睡/回流/高活跃
1242212,0,活动互动
1242213,1,活动互动/沉睡/回流/高活跃
1242214,1,活动互动/沉睡/回流/高活跃
1242215,1,活动互动/沉睡/回流/高活跃
1242217,1,活动互动/沉睡/回流/高活跃
1242218,1,活动互动/沉睡/回流/高活跃
1242219,0,活动互动
1242220,1,活动互动/沉睡/回流/高活跃
1242221,1,活动互动/沉睡/回流/高活跃
1379136,0,活动互动
1379152,1,活动互动/沉睡/回流/高活跃
1379157,1,活动互动/沉睡/回流/高活跃
1379158,0,活动互动
1379164,1,活动互动/沉睡/回流/高活跃
1379165,1,活动互动/沉睡/回流/高活跃
1379166,0,活动互动
1379167,0,活动互动
1379168,0,活动互动
1379169,0,活动互动
1379170,0,活动互动
1379171,0,活动互动
1379172,0,活动互动
1379173,0,活动互动
1379174,0,活动互动
1379175,0,活动互动
1379176,0,活动互动
1379177,0,活动互动
1379178,0,活动互动
1379179,0,活动互动
1379180,0,活动互动
1379181,1,活动互动/沉睡/回流/高活跃
1379182,1,活动互动/沉睡/回流/高活跃
1379184,0,活动互动
1379185,1,活动互动/沉睡/回流/高活跃
1379186,0,活动互动
1379187,0,活动互动
1379188,1,活动互动/沉睡/回流/高活跃
1379189,1,活动互动/沉睡/回流/高活跃
1379190,0,活动互动
1379191,1,活动互动/沉睡/回流/高活跃
1379192,1,活动互动/沉睡/回流/高活跃
1379193,0,活动互动
1379194,1,活动互动/沉睡/回流/高活跃
1379195,0,活动互动
1379196,0,活动互动
1379197,1,活动互动/沉睡/回流/高活跃
1379198,1,活动互动/沉睡/回流/高活跃
1379199,1,活动互动/沉睡/回流/高活跃
1379200,1,活动互动/沉睡/回流/高活跃
1379201,1,活动互动/沉睡/回流/高活跃
1379202,1,活动互动/沉睡/回流/高活跃
1379203,1,活动互动/沉睡/回流/高活跃
1379204,1,活动互动/沉睡/回流/高活跃
1379205,1,活动互动/沉睡/回流/高活跃
1379206,1,活动互动/沉睡/回流/高活跃
1379207,1,活动互动/沉睡/回流/高活跃
1379208,1,活动互动/沉睡/回流/高活跃
1379209,1,活动互动/沉睡/回流/高活跃
1379210,1,活动互动/沉睡/回流/高活跃
1379211,1,活动互动/沉睡/回流/高活跃
1379212,1,活动互动/沉睡/回流/高活跃
1379213,0,活动互动
1379214,0,活动互动
1379215,1,活动互动/沉睡/回流/高活跃
1379216,0,活动互动
1379217,0,活动互动
